"DESCRIPTION","DURATION IN MS","NAME","PARENT SUITE","START TIME","STATUS","STOP TIME","SUB SUITE","SUITE","TEST CLASS","TEST METHOD"
"","1944","Then The Worklist page is open","","Tue Sep 09 21:45:40 BST 2025","passed","Tue Sep 09 21:45:42 BST 2025","","Change Work Location: Try to Connect to Environment with valid Environment Code","",""
"","14725","Then I click on ""UPDATE"" button","","Thu Sep 04 19:58:06 BST 2025","passed","Thu Sep 04 19:58:21 BST 2025","","Play and Pause the Work Order and add comments: Try to Connect to Environment with valid Environment Code","",""
"","2263","Then I click on ""PROBLEM CLASS"" option","","Mon Sep 08 18:22:35 BST 2025","passed","Mon Sep 08 18:22:38 BST 2025","","CREATE FOLLOW-ON WORK ORDERs (Add to backlog, FIFI, Assign to me): create a follow on wo","",""
"","6567","When I click on ""Reject"" button","","Tue Sep 09 21:43:19 BST 2025","passed","Tue Sep 09 21:43:25 BST 2025","","Change Work Location: Try to Connect to Environment with valid Environment Code","",""
"","1603","When I click on ""Reject"" button","","Wed Sep 10 20:27:58 BST 2025","passed","Wed Sep 10 20:28:00 BST 2025","","Processing assigned task: Processing Task","",""
"","1313","Then The status of the work Order is in ""In Progress""","","Wed Sep 10 18:52:52 BST 2025","passed","Wed Sep 10 18:52:53 BST 2025","","Complete a CM WO: Complete WO","",""
"","6590","Then I click on ""FAILURE CLASS"" option","","Wed Sep 10 18:18:16 BST 2025","passed","Wed Sep 10 18:18:22 BST 2025","","Complete a CM Followon WO: Complete WO","",""
"","921","Then I navigate ""Work"" tab","","Wed Sep 10 18:52:53 BST 2025","passed","Wed Sep 10 18:52:54 BST 2025","","Complete a CM WO: Complete WO","",""
"","0","Then I verify location field is populated","","Fri Sep 05 18:07:47 BST 2025","skipped","Fri Sep 05 18:07:47 BST 2025","","Create Follow-On Work Orders (Add to backlog, FIFI, Assign to me): create a follow on wo","",""
"","1886","Then I can connect to the Environment","","Mon Sep 08 18:06:36 BST 2025","passed","Mon Sep 08 18:06:38 BST 2025","","CREATE FOLLOW-ON WORK ORDERs (Add to backlog, FIFI, Assign to me): create a follow on wo","",""
"","0","Then I take a screenshot","","Fri Sep 05 18:07:47 BST 2025","skipped","Fri Sep 05 18:07:47 BST 2025","","Create Follow-On Work Orders (Add to backlog, FIFI, Assign to me): create a follow on wo","",""
"","1181","Then ""FAILURE INFORMATION"" widget is clicked","","Wed Sep 10 18:18:15 BST 2025","passed","Wed Sep 10 18:18:16 BST 2025","","Complete a CM Followon WO: Complete WO","",""
"","873","Then I navigate to ""back""","","Wed Sep 10 19:57:12 BST 2025","passed","Wed Sep 10 19:57:12 BST 2025","","Complete a PM WO: Complete PM WO","",""
"","16778","Then I click on ""Add Comment"" button","","Wed Sep 03 17:00:10 BST 2025","broken","Wed Sep 03 17:00:27 BST 2025","","Play and Pause the Work Order and add comments: Try to Connect to Environment with valid Environment Code","",""
"","0","Then I set ""details"" value field to ""TEST""","","Thu Sep 04 11:12:07 BST 2025","skipped","Thu Sep 04 11:12:07 BST 2025","","Play and Pause the Work Order and add comments: Try to Connect to Environment with valid Environment Code","",""
"","1","hook:","","Fri Sep 05 18:07:47 BST 2025","failed","Fri Sep 05 18:07:47 BST 2025","","","",""
"","1845","Then I click on ""START WORK"" button","","Wed Sep 10 19:57:02 BST 2025","passed","Wed Sep 10 19:57:04 BST 2025","","Complete a PM WO: Complete PM WO","",""
"","1605","Given I am on the Init page","","Tue Sep 09 21:28:43 BST 2025","passed","Tue Sep 09 21:28:45 BST 2025","","Change Work Location: Try to Connect to Environment with valid Environment Code","",""
"","2080","Then I click on ""TYPE FIELD"" button","","Wed Sep 10 18:18:43 BST 2025","passed","Wed Sep 10 18:18:45 BST 2025","","Complete a CM Followon WO: Complete WO","",""
"","3471","When I click on ""Reject"" button","","Wed Sep 03 11:32:35 BST 2025","passed","Wed Sep 03 11:32:39 BST 2025","","Return WO: Return WO","",""
"","561","When I switch to the web view context","","Wed Sep 10 18:39:41 BST 2025","passed","Wed Sep 10 18:39:42 BST 2025","","Complete a CM WO: Complete WO","",""
"","1","Then I click at ""FAILURE CLASS"" option","","Fri Sep 05 16:32:29 BST 2025","skipped","Fri Sep 05 16:32:29 BST 2025","","Create Follow-On Work Orders (Add to backlog, FIFI, Assign to me): create a follow on wo","",""
"","1","Then I click on ""CAUSE CLASS"" option","","Fri Sep 05 18:07:47 BST 2025","skipped","Fri Sep 05 18:07:47 BST 2025","","Create Follow-On Work Orders (Add to backlog, FIFI, Assign to me): create a follow on wo","",""
"","0","Then I click on ""MORE ACTION ICON"" button","","Fri Sep 05 18:07:47 BST 2025","skipped","Fri Sep 05 18:07:47 BST 2025","","Create Follow-On Work Orders (Add to backlog, FIFI, Assign to me): create a follow on wo","",""
"","1133","Then ""FAILURE INFORMATION"" widget is clicked","","Wed Sep 10 18:52:54 BST 2025","passed","Wed Sep 10 18:52:55 BST 2025","","Complete a CM WO: Complete WO","",""
"","0","Then I click on ""FIRST RECORD"" option","","Fri Sep 05 19:11:41 BST 2025","skipped","Fri Sep 05 19:11:41 BST 2025","","CREATE FOLLOW-ON WORK ORDERs (Add to backlog, FIFI, Assign to me): create a follow on wo","",""
"","1","Then I click the ""Assign to me"" outcome dropdown option","","Fri Sep 05 23:09:43 BST 2025","broken","Fri Sep 05 23:09:43 BST 2025","","CREATE FOLLOW-ON WORK ORDERs (Add to backlog, FIFI, Assign to me): create a follow on wo","",""
"","1395","Given I am on the Init page","","Wed Sep 10 18:05:32 BST 2025","passed","Wed Sep 10 18:05:33 BST 2025","","Complete a CM Followon WO: Complete WO","",""
"","938","When I click at ""first"" WO","","Wed Sep 10 19:56:59 BST 2025","passed","Wed Sep 10 19:57:00 BST 2025","","Complete a PM WO: Complete PM WO","",""
"","1","hook:","","Wed Sep 10 19:57:12 BST 2025","failed","Wed Sep 10 19:57:12 BST 2025","","","",""
"","2593","And I click on ""Sign In"" button","","Wed Sep 10 18:05:44 BST 2025","passed","Wed Sep 10 18:05:46 BST 2025","","Complete a CM Followon WO: Complete WO","",""
"","2187","And I enter password as ""cbruns""","","Wed Sep 10 19:44:12 BST 2025","passed","Wed Sep 10 19:44:14 BST 2025","","Complete a PM WO: Complete PM WO","",""
"","0","Then I set date as ""yesterdays"" date","","Wed Sep 03 11:33:04 BST 2025","skipped","Wed Sep 03 11:33:04 BST 2025","","Return WO: Return WO","",""
"","714","When I set Region select field","","Tue Sep 09 21:28:45 BST 2025","passed","Tue Sep 09 21:28:45 BST 2025","","Change Work Location: Try to Connect to Environment with valid Environment Code","",""
"","775486","And I see allow button","","Wed Sep 10 18:39:49 BST 2025","passed","Wed Sep 10 18:52:44 BST 2025","","Complete a CM WO: Complete WO","",""
"","6806","Then I click on ""ASSIGN TO ME WORK PRIORITY 1 - UNIT WITHDRAW FROM SERVICE"" button","","Mon Sep 08 18:22:18 BST 2025","passed","Mon Sep 08 18:22:25 BST 2025","","CREATE FOLLOW-ON WORK ORDERs (Add to backlog, FIFI, Assign to me): create a follow on wo","",""
"","1","Then I click at ""Add to backlog"" option","","Sat Sep 06 00:34:28 BST 2025","skipped","Sat Sep 06 00:34:28 BST 2025","","CREATE FOLLOW-ON WORK ORDERs (Add to backlog, FIFI, Assign to me): create a follow on wo","",""
"","3027","Then I enter username as ""CBRUNS""","","Wed Sep 03 11:49:36 BST 2025","passed","Wed Sep 03 11:49:39 BST 2025","","Return WO: Return WO","",""
"","22","And I switch to native view context","","Wed Sep 10 18:39:49 BST 2025","passed","Wed Sep 10 18:39:49 BST 2025","","Complete a CM WO: Complete WO","",""
"","2409","Then I click on ""SERVICE QUALITY FAULT REPORTED"" option","","Mon Sep 08 18:22:43 BST 2025","passed","Mon Sep 08 18:22:45 BST 2025","","CREATE FOLLOW-ON WORK ORDERs (Add to backlog, FIFI, Assign to me): create a follow on wo","",""
"","0","Then I click on ""PAUSE"" button","","Fri Sep 05 18:07:47 BST 2025","skipped","Fri Sep 05 18:07:47 BST 2025","","Create Follow-On Work Orders (Add to backlog, FIFI, Assign to me): create a follow on wo","",""
"","2548","Then I click on ""REPAIR CARRIED OUT"" option","","Mon Sep 08 18:21:34 BST 2025","passed","Mon Sep 08 18:21:36 BST 2025","","CREATE FOLLOW-ON WORK ORDERs (Add to backlog, FIFI, Assign to me): create a follow on wo","",""
"","0","Then I click on ""Assign to me"" outcome dropdown option","","Fri Sep 05 23:52:12 BST 2025","skipped","Fri Sep 05 23:52:12 BST 2025","","CREATE FOLLOW-ON WORK ORDERs (Add to backlog, FIFI, Assign to me): create a follow on wo","",""
"","23242","And I set ""Summary"" value field to ""TEST""","","Wed Sep 10 18:18:48 BST 2025","passed","Wed Sep 10 18:19:11 BST 2025","","Complete a CM Followon WO: Complete WO","",""
"","17","And I switch to native view context","","Wed Sep 10 18:05:46 BST 2025","passed","Wed Sep 10 18:05:46 BST 2025","","Complete a CM Followon WO: Complete WO","",""
"","7","And I select the location result with name ""Rolling Stock""","","Tue Sep 09 12:13:15 BST 2025","skipped","Tue Sep 09 12:13:15 BST 2025","","Change Work Location: Try to Connect to Environment with valid Environment Code","",""
"","1","When I click at ""ASSIGN TO ME"" option","","Fri Sep 05 16:32:29 BST 2025","skipped","Fri Sep 05 16:32:29 BST 2025","","Create Follow-On Work Orders (Add to backlog, FIFI, Assign to me): create a follow on wo","",""
"","1119","When I tap on task with number ""20.""","","Wed Sep 10 20:28:36 BST 2025","passed","Wed Sep 10 20:28:37 BST 2025","","Processing assigned task: Processing Task","",""
"","15883","Then I click on button ""THIS WORK ORDER IS READONLY. Tap to return to your currently active Work Order.""","","Wed Sep 03 13:51:44 BST 2025","broken","Wed Sep 03 13:51:59 BST 2025","","Play and Pause the Work Order and add comments: Try to Connect to Environment with valid Environment Code","",""
"","25","And I switch to native view context","","Tue Sep 09 21:29:05 BST 2025","passed","Tue Sep 09 21:29:05 BST 2025","","Change Work Location: Try to Connect to Environment with valid Environment Code","",""
"","23202","And I set ""Summary"" value field to ""TEST""","","Wed Sep 10 18:53:26 BST 2025","passed","Wed Sep 10 18:53:49 BST 2025","","Complete a CM WO: Complete WO","",""
"","0","When I click on ""first"" WO","","Fri Sep 05 18:07:47 BST 2025","skipped","Fri Sep 05 18:07:47 BST 2025","","Create Follow-On Work Orders (Add to backlog, FIFI, Assign to me): create a follow on wo","",""
"","1573","Then I click on ""CAUSE CLASS"" option","","Wed Sep 10 16:51:26 BST 2025","passed","Wed Sep 10 16:51:27 BST 2025","","Add Failure Codes: Login and Logout","",""
"","13270","And I set ""Summary"" value field to ""TEST""","","Thu Sep 04 19:58:21 BST 2025","passed","Thu Sep 04 19:58:34 BST 2025","","Play and Pause the Work Order and add comments: Try to Connect to Environment with valid Environment Code","",""
"","12","Then I click at button next to ""In Progress""","","Thu Sep 04 14:45:40 BST 2025","skipped","Thu Sep 04 14:45:40 BST 2025","","Play and Pause the Work Order and add comments: Try to Connect to Environment with valid Environment Code","",""
"","3149","And I enter password as ""cbruns""","","Tue Sep 09 21:28:57 BST 2025","passed","Tue Sep 09 21:29:00 BST 2025","","Change Work Location: Try to Connect to Environment with valid Environment Code","",""
"","18","Then the location should be selected successfully","","Tue Sep 09 21:26:19 BST 2025","skipped","Tue Sep 09 21:26:19 BST 2025","","Change Work Location: Try to Connect to Environment with valid Environment Code","",""
"","3108","And I enter password as ""cbruns""","","Wed Sep 03 11:49:39 BST 2025","passed","Wed Sep 03 11:49:42 BST 2025","","Return WO: Return WO","",""
"","2487","Then I click on ""SQR 22(a) - Lighting - failed"" button","","Wed Sep 10 18:53:06 BST 2025","passed","Wed Sep 10 18:53:09 BST 2025","","Complete a CM WO: Complete WO","",""
"","13234","Then I click on ""TYPE FIELD"" button","","Thu Sep 04 19:57:53 BST 2025","passed","Thu Sep 04 19:58:06 BST 2025","","Play and Pause the Work Order and add comments: Try to Connect to Environment with valid Environment Code","",""
"","1719","Then I click on ""REMEDY CLASS"" option","","Wed Sep 10 16:51:31 BST 2025","passed","Wed Sep 10 16:51:33 BST 2025","","Add Failure Codes: Login and Logout","",""
"","23562","And I set ""Details"" value field to ""TEST""","","Wed Sep 10 18:53:49 BST 2025","passed","Wed Sep 10 18:54:12 BST 2025","","Complete a CM WO: Complete WO","",""
"","13152","Then I click on ""START ICON"" button","","Thu Sep 04 19:57:01 BST 2025","passed","Thu Sep 04 19:57:14 BST 2025","","Play and Pause the Work Order and add comments: Try to Connect to Environment with valid Environment Code","",""
"","3806","Then I click on ""171-SQR-022: HEATING & LIGHTING"" button","","Wed Sep 10 18:03:42 BST 2025","passed","Wed Sep 10 18:03:46 BST 2025","","Add Failure Codes: Login and Logout","",""
"","50537","Then I click on ""SQR 22(A) LIGHTING FAILED"" button","","Wed Sep 10 14:59:12 BST 2025","broken","Wed Sep 10 15:00:03 BST 2025","","Add Failure Codes: Login and Logout","",""
"","7123","Then I click on ""377 Auxillaries"" button","","Mon Sep 08 18:21:09 BST 2025","passed","Mon Sep 08 18:21:16 BST 2025","","CREATE FOLLOW-ON WORK ORDERs (Add to backlog, FIFI, Assign to me): create a follow on wo","",""
"","1922","Then I enter username as ""CBRUNS""","","Wed Sep 10 17:50:20 BST 2025","passed","Wed Sep 10 17:50:21 BST 2025","","Add Failure Codes: Login and Logout","",""
"","2035","Then I click on ""SAVE"" button","","Wed Sep 10 18:18:37 BST 2025","passed","Wed Sep 10 18:18:39 BST 2025","","Complete a CM Followon WO: Complete WO","",""
"","210","Then ""10"" page appears","","Wed Sep 10 20:28:09 BST 2025","passed","Wed Sep 10 20:28:09 BST 2025","","Processing assigned task: Processing Task","",""
"","2667","Then I click on ""START ICON"" button","","Fri Sep 05 18:07:17 BST 2025","passed","Fri Sep 05 18:07:19 BST 2025","","Create Follow-On Work Orders (Add to backlog, FIFI, Assign to me): create a follow on wo","",""
"","3034","And I click on ""Sign In"" button","","Fri Sep 05 17:54:27 BST 2025","passed","Fri Sep 05 17:54:30 BST 2025","","Create Follow-On Work Orders (Add to backlog, FIFI, Assign to me): create a follow on wo","",""
"","756","When I set Region select field","","Thu Sep 04 19:40:43 BST 2025","passed","Thu Sep 04 19:40:43 BST 2025","","Play and Pause the Work Order and add comments: Try to Connect to Environment with valid Environment Code","",""
"","2596","When I set ""lucky-liger-8"" into Environment Code input field","","Wed Sep 10 18:05:34 BST 2025","passed","Wed Sep 10 18:05:37 BST 2025","","Complete a CM Followon WO: Complete WO","",""
"","925","Then I navigate ""Work"" tab","","Wed Sep 10 20:28:06 BST 2025","passed","Wed Sep 10 20:28:07 BST 2025","","Processing assigned task: Processing Task","",""
"","1796","Then I click on ""START WORK"" button","","Wed Sep 10 18:52:50 BST 2025","passed","Wed Sep 10 18:52:52 BST 2025","","Complete a CM WO: Complete WO","",""
"","0","Then I click on ""FOUND IT, FIXED IT"" option","","Fri Sep 05 18:07:47 BST 2025","skipped","Fri Sep 05 18:07:47 BST 2025","","Create Follow-On Work Orders (Add to backlog, FIFI, Assign to me): create a follow on wo","",""
"","6084","Then The status of the work Order is in ""In Progress""","","Thu Sep 04 19:55:42 BST 2025","passed","Thu Sep 04 19:55:48 BST 2025","","Play and Pause the Work Order and add comments: Try to Connect to Environment with valid Environment Code","",""
"","737820","And I see allow button","","Wed Sep 10 18:05:46 BST 2025","passed","Wed Sep 10 18:18:04 BST 2025","","Complete a CM Followon WO: Complete WO","",""
"","1920","Then I enter username as ""CBRUNS""","","Wed Sep 10 18:39:42 BST 2025","passed","Wed Sep 10 18:39:44 BST 2025","","Complete a CM WO: Complete WO","",""
"","0","Then I click on ""DONE"" button","","Wed Sep 03 11:33:04 BST 2025","skipped","Wed Sep 03 11:33:04 BST 2025","","Return WO: Return WO","",""
"","0","Then I click at ""REMEDY CLASS"" option","","Wed Sep 10 14:44:23 BST 2025","skipped","Wed Sep 10 14:44:23 BST 2025","","Add Failure Codes: Login and Logout","",""
"","13649","And I set ""Details"" value field to ""TEST""","","Thu Sep 04 19:58:34 BST 2025","passed","Thu Sep 04 19:58:48 BST 2025","","Play and Pause the Work Order and add comments: Try to Connect to Environment with valid Environment Code","",""
"","810","Then The Worklist page is open","","Mon Sep 08 18:23:24 BST 2025","passed","Mon Sep 08 18:23:25 BST 2025","","CREATE FOLLOW-ON WORK ORDERs (Add to backlog, FIFI, Assign to me): create a follow on wo","",""
"","2685","When I set ""lucky-liger-8"" into Environment Code input field","","Wed Sep 10 17:50:14 BST 2025","passed","Wed Sep 10 17:50:16 BST 2025","","Add Failure Codes: Login and Logout","",""
"","738","Then The Worklist page is open","","Wed Sep 10 18:18:06 BST 2025","passed","Wed Sep 10 18:18:07 BST 2025","","Complete a CM Followon WO: Complete WO","",""
"","1479","Then I enter username as ""CBRUNS""","","Wed Sep 10 18:05:40 BST 2025","passed","Wed Sep 10 18:05:41 BST 2025","","Complete a CM Followon WO: Complete WO","",""
"","21897","Then I set ""summary"" value field to ""TEST""","","Thu Sep 04 11:11:45 BST 2025","broken","Thu Sep 04 11:12:07 BST 2025","","Play and Pause the Work Order and add comments: Try to Connect to Environment with valid Environment Code","",""
"","5240","Then I click on ""SELECT A TEMPLATE "" button","","Mon Sep 08 18:22:13 BST 2025","passed","Mon Sep 08 18:22:18 BST 2025","","CREATE FOLLOW-ON WORK ORDERs (Add to backlog, FIFI, Assign to me): create a follow on wo","",""
"","51218","Then I select no 1 record from location table","","Tue Sep 09 17:50:47 BST 2025","broken","Tue Sep 09 17:51:38 BST 2025","","Change Work Location: Try to Connect to Environment with valid Environment Code","",""
"","2552","And I enter password as ""cbruns""","","Fri Sep 05 17:54:25 BST 2025","passed","Fri Sep 05 17:54:27 BST 2025","","Create Follow-On Work Orders (Add to backlog, FIFI, Assign to me): create a follow on wo","",""
"","4854","When I navigate to ""back""","","Thu Sep 04 19:55:48 BST 2025","passed","Thu Sep 04 19:55:52 BST 2025","","Play and Pause the Work Order and add comments: Try to Connect to Environment with valid Environment Code","",""
"","1266","Then The status of the work Order is in ""In Progress""","","Wed Sep 10 20:28:05 BST 2025","passed","Wed Sep 10 20:28:06 BST 2025","","Processing assigned task: Processing Task","",""
"","12461","Then I click on ""START WORK"" button","","Thu Sep 04 19:57:14 BST 2025","passed","Thu Sep 04 19:57:27 BST 2025","","Play and Pause the Work Order and add comments: Try to Connect to Environment with valid Environment Code","",""
"","1819","Then I click on ""MORE ACTION ICON"" button","","Wed Sep 10 18:53:17 BST 2025","passed","Wed Sep 10 18:53:19 BST 2025","","Complete a CM WO: Complete WO","",""
"","3476","Then I click on ""PAUSE"" button","","Wed Sep 10 16:51:44 BST 2025","passed","Wed Sep 10 16:51:48 BST 2025","","Add Failure Codes: Login and Logout","",""
"","0","Then I click at ""REMEDY CLASS"" option","","Fri Sep 05 16:32:29 BST 2025","skipped","Fri Sep 05 16:32:29 BST 2025","","Create Follow-On Work Orders (Add to backlog, FIFI, Assign to me): create a follow on wo","",""
"","1573","Then I enter username as ""CBRUNS""","","Mon Sep 08 18:06:39 BST 2025","passed","Mon Sep 08 18:06:41 BST 2025","","CREATE FOLLOW-ON WORK ORDERs (Add to backlog, FIFI, Assign to me): create a follow on wo","",""
"","5362","Then I click on ""NEXT"" button","","Mon Sep 08 18:22:25 BST 2025","passed","Mon Sep 08 18:22:31 BST 2025","","CREATE FOLLOW-ON WORK ORDERs (Add to backlog, FIFI, Assign to me): create a follow on wo","",""
"","12133","Then I select ""RS"" location","","Tue Sep 09 21:45:00 BST 2025","passed","Tue Sep 09 21:45:12 BST 2025","","Change Work Location: Try to Connect to Environment with valid Environment Code","",""
"","1","When I click on ""Add to backlog"" option","","Sat Sep 06 01:14:43 BST 2025","skipped","Sat Sep 06 01:14:43 BST 2025","","CREATE FOLLOW-ON WORK ORDERs (Add to backlog, FIFI, Assign to me): create a follow on wo","",""
"","2586","And I click on ""Sign In"" button","","Wed Sep 10 17:50:24 BST 2025","passed","Wed Sep 10 17:50:27 BST 2025","","Add Failure Codes: Login and Logout","",""
"","1671","Then signIn option shows up","","Wed Sep 10 19:44:08 BST 2025","passed","Wed Sep 10 19:44:10 BST 2025","","Complete a PM WO: Complete PM WO","",""
"","2323","Then I click on """" button","","Wed Sep 10 18:21:52 BST 2025","passed","Wed Sep 10 18:21:54 BST 2025","","Complete a CM Followon WO: Complete WO","",""
"","0","Then I navigate ""DETAILS TAB"" tab","","Mon Sep 08 18:38:21 BST 2025","skipped","Mon Sep 08 18:38:21 BST 2025","","Change Work Location: Try to Connect to Environment with valid Environment Code","",""
"","2747","Then I click on ""ACTIVATED"" option","","Mon Sep 08 18:21:24 BST 2025","passed","Mon Sep 08 18:21:27 BST 2025","","CREATE FOLLOW-ON WORK ORDERs (Add to backlog, FIFI, Assign to me): create a follow on wo","",""
"","1","When I click at ""Add to backlog"" option","","Sat Sep 06 00:53:55 BST 2025","skipped","Sat Sep 06 00:53:55 BST 2025","","CREATE FOLLOW-ON WORK ORDERs (Add to backlog, FIFI, Assign to me): create a follow on wo","",""
"","2052","Then I click on ""ADD COMMENT"" button","","Wed Sep 10 18:18:41 BST 2025","passed","Wed Sep 10 18:18:43 BST 2025","","Complete a CM Followon WO: Complete WO","",""
"","1212","When I set Region as ""Europe""","","Thu Sep 04 19:40:43 BST 2025","passed","Thu Sep 04 19:40:45 BST 2025","","Play and Pause the Work Order and add comments: Try to Connect to Environment with valid Environment Code","",""
"","21747","And I set ""measurement input"" value field to ""1500""","","Wed Sep 10 20:28:38 BST 2025","passed","Wed Sep 10 20:28:59 BST 2025","","Processing assigned task: Processing Task","",""
"","1216","When I set Region as ""Europe""","","Tue Sep 09 21:28:45 BST 2025","passed","Tue Sep 09 21:28:46 BST 2025","","Change Work Location: Try to Connect to Environment with valid Environment Code","",""
"","2531","Then I click on ""ADD TO BACKLOG OPTIONS"" option","","Mon Sep 08 18:22:00 BST 2025","passed","Mon Sep 08 18:22:02 BST 2025","","CREATE FOLLOW-ON WORK ORDERs (Add to backlog, FIFI, Assign to me): create a follow on wo","",""
"","1977","Then I click on ""COMPLETE WORK ORDER"" button","","Wed Sep 10 18:54:50 BST 2025","passed","Wed Sep 10 18:54:52 BST 2025","","Complete a CM WO: Complete WO","",""
"","1345","Then The status of the work Order is in ""In Progress""","","Wed Sep 10 18:18:12 BST 2025","passed","Wed Sep 10 18:18:14 BST 2025","","Complete a CM Followon WO: Complete WO","",""
"","0","When I click on ""ASSIGN TO ME"" option","","Fri Sep 05 18:07:47 BST 2025","skipped","Fri Sep 05 18:07:47 BST 2025","","Create Follow-On Work Orders (Add to backlog, FIFI, Assign to me): create a follow on wo","",""
"","938","Then I navigate ""Work"" tab","","Wed Sep 10 18:03:34 BST 2025","passed","Wed Sep 10 18:03:35 BST 2025","","Add Failure Codes: Login and Logout","",""
"","14","Then I click at button next to ""THIS WORK ORDER IS READONLY. Tap to return to your currently active Work Order.""","","Wed Sep 03 14:47:36 BST 2025","skipped","Wed Sep 03 14:47:36 BST 2025","","Play and Pause the Work Order and add comments: Try to Connect to Environment with valid Environment Code","",""
"","5406","Then I click on ""HISTORY TAB"" button","","Mon Sep 08 18:23:16 BST 2025","passed","Mon Sep 08 18:23:22 BST 2025","","CREATE FOLLOW-ON WORK ORDERs (Add to backlog, FIFI, Assign to me): create a follow on wo","",""
"","2396","When I click on ""Reject"" button","","Wed Sep 10 18:03:24 BST 2025","passed","Wed Sep 10 18:03:27 BST 2025","","Add Failure Codes: Login and Logout","",""
"","11132","Then I click on ""LOCATION SEARCH"" field","","Tue Sep 09 21:44:34 BST 2025","passed","Tue Sep 09 21:44:46 BST 2025","","Change Work Location: Try to Connect to Environment with valid Environment Code","",""
"","2336","Then I click on """" button","","Wed Sep 10 20:29:22 BST 2025","passed","Wed Sep 10 20:29:24 BST 2025","","Processing assigned task: Processing Task","",""
"","0","Then comment is ""Shown""","","Thu Sep 04 19:36:26 BST 2025","skipped","Thu Sep 04 19:36:26 BST 2025","","Play and Pause the Work Order and add comments: Try to Connect to Environment with valid Environment Code","",""
"","760340","And I see allow button","","Wed Sep 10 19:44:17 BST 2025","passed","Wed Sep 10 19:56:57 BST 2025","","Complete a PM WO: Complete PM WO","",""
"","544","When I set Region select field","","Wed Sep 10 18:39:35 BST 2025","passed","Wed Sep 10 18:39:35 BST 2025","","Complete a CM WO: Complete WO","",""
"","12676","Then The status of the work Order is in ""On Hold""","","Mon Sep 08 18:53:19 BST 2025","broken","Mon Sep 08 18:53:31 BST 2025","","Change Work Location: Try to Connect to Environment with valid Environment Code","",""
"","264","Then ""20"" page appears","","Wed Sep 10 18:21:08 BST 2025","passed","Wed Sep 10 18:21:08 BST 2025","","Complete a CM Followon WO: Complete WO","",""
"","1024","Then I click on ""PROBLEM CLASS"" option","","Wed Sep 10 18:18:26 BST 2025","passed","Wed Sep 10 18:18:27 BST 2025","","Complete a CM Followon WO: Complete WO","",""
"","992","Given I am on the Init page","","Wed Sep 10 20:14:59 BST 2025","passed","Wed Sep 10 20:15:00 BST 2025","","Processing assigned task: Processing Task","",""
"","0","Then I click on ""ADD TO BACKLOG"" option","","Fri Sep 05 18:07:47 BST 2025","skipped","Fri Sep 05 18:07:47 BST 2025","","Create Follow-On Work Orders (Add to backlog, FIFI, Assign to me): create a follow on wo","",""
"","0","Then I click on ""RETURN WORK ORDER"" button","","Wed Sep 03 11:33:04 BST 2025","skipped","Wed Sep 03 11:33:04 BST 2025","","Return WO: Return WO","",""
"","1591","When I click on ""Reject"" button","","Wed Sep 10 19:56:57 BST 2025","passed","Wed Sep 10 19:56:59 BST 2025","","Complete a PM WO: Complete PM WO","",""
"","1519","Then I enter username as ""CBRUNS""","","Wed Sep 10 19:44:10 BST 2025","passed","Wed Sep 10 19:44:12 BST 2025","","Complete a PM WO: Complete PM WO","",""
"","0","Then I set Description field to ""TESTING""","","Fri Sep 05 18:07:47 BST 2025","skipped","Fri Sep 05 18:07:47 BST 2025","","Create Follow-On Work Orders (Add to backlog, FIFI, Assign to me): create a follow on wo","",""
"","3447","Then I click on ""PAUSE WORK ORDER"" button","","Wed Sep 10 16:51:48 BST 2025","passed","Wed Sep 10 16:51:51 BST 2025","","Add Failure Codes: Login and Logout","",""
"","1374","When I click on ""first"" WO","","Mon Sep 08 18:21:45 BST 2025","passed","Mon Sep 08 18:21:46 BST 2025","","CREATE FOLLOW-ON WORK ORDERs (Add to backlog, FIFI, Assign to me): create a follow on wo","",""
"","13559","Then I click on ""PAUSE ICON"" button","","Thu Sep 04 19:59:02 BST 2025","passed","Thu Sep 04 19:59:16 BST 2025","","Play and Pause the Work Order and add comments: Try to Connect to Environment with valid Environment Code","",""
"","3714","Then I click on ""171-SQR-022: HEATING & LIGHTING"" button","","Wed Sep 10 18:53:01 BST 2025","passed","Wed Sep 10 18:53:05 BST 2025","","Complete a CM WO: Complete WO","",""
"","790","When I set Region as ""Europe""","","Fri Sep 05 17:54:16 BST 2025","passed","Fri Sep 05 17:54:17 BST 2025","","Create Follow-On Work Orders (Add to backlog, FIFI, Assign to me): create a follow on wo","",""
"","6896","And I enter ""Rolling Stock"" in the location search field","","Tue Sep 09 12:13:08 BST 2025","passed","Tue Sep 09 12:13:15 BST 2025","","Change Work Location: Try to Connect to Environment with valid Environment Code","",""
"","50601","Then I click on ""SQR LIGHTING FAILED"" button","","Wed Sep 10 15:41:00 BST 2025","broken","Wed Sep 10 15:41:51 BST 2025","","Add Failure Codes: Login and Logout","",""
"","560","When I switch to the web view context","","Wed Sep 10 17:50:19 BST 2025","passed","Wed Sep 10 17:50:20 BST 2025","","Add Failure Codes: Login and Logout","",""
"","1020","Then I navigate to ""back""","","Wed Sep 10 18:22:04 BST 2025","passed","Wed Sep 10 18:22:05 BST 2025","","Complete a CM Followon WO: Complete WO","",""
"","397","Then I take a screenshot","","Tue Sep 09 21:45:30 BST 2025","passed","Tue Sep 09 21:45:31 BST 2025","","Change Work Location: Try to Connect to Environment with valid Environment Code","",""
"","0","When I click on ""ASSIGN TO ME"" option","","Sat Sep 06 01:14:43 BST 2025","skipped","Sat Sep 06 01:14:43 BST 2025","","CREATE FOLLOW-ON WORK ORDERs (Add to backlog, FIFI, Assign to me): create a follow on wo","",""
"","1075","Then I click on ""CAUSE CLASS"" option","","Wed Sep 10 18:18:30 BST 2025","passed","Wed Sep 10 18:18:31 BST 2025","","Complete a CM Followon WO: Complete WO","",""
"","1896","Then I enter username as ""CBRUNS""","","Wed Sep 10 20:15:07 BST 2025","passed","Wed Sep 10 20:15:09 BST 2025","","Processing assigned task: Processing Task","",""
"","4","Then I click on ""SELECT TYPE"" option","","Wed Sep 03 18:02:02 BST 2025","broken","Wed Sep 03 18:02:02 BST 2025","","Play and Pause the Work Order and add comments: Try to Connect to Environment with valid Environment Code","",""
"","0","Then I navigate to ""back""","","Fri Sep 05 18:07:47 BST 2025","skipped","Fri Sep 05 18:07:47 BST 2025","","Create Follow-On Work Orders (Add to backlog, FIFI, Assign to me): create a follow on wo","",""
"","344","Then I take a screenshot","","Wed Sep 10 18:54:52 BST 2025","passed","Wed Sep 10 18:54:52 BST 2025","","Complete a CM WO: Complete WO","",""
"","1508","Then I choose ""More Actions"" button if WO is ""In Progress""","","Wed Sep 03 17:00:08 BST 2025","passed","Wed Sep 03 17:00:10 BST 2025","","Play and Pause the Work Order and add comments: Try to Connect to Environment with valid Environment Code","",""
"","1066","When I click at ""first"" WO","","Wed Sep 10 18:52:47 BST 2025","passed","Wed Sep 10 18:52:48 BST 2025","","Complete a CM WO: Complete WO","",""
"","526","When I set Region select field","","Wed Sep 10 20:15:00 BST 2025","passed","Wed Sep 10 20:15:00 BST 2025","","Processing assigned task: Processing Task","",""
"","2879","Then I click on ""START WORK"" button","","Fri Sep 05 18:07:19 BST 2025","passed","Fri Sep 05 18:07:22 BST 2025","","Create Follow-On Work Orders (Add to backlog, FIFI, Assign to me): create a follow on wo","",""
"","0","Then I click on ""SECOND RECORD"" option","","Fri Sep 05 18:07:47 BST 2025","skipped","Fri Sep 05 18:07:47 BST 2025","","Create Follow-On Work Orders (Add to backlog, FIFI, Assign to me): create a follow on wo","",""
"","0","When I click at ""Select outcome..."" option","","Wed Sep 03 12:05:50 BST 2025","skipped","Wed Sep 03 12:05:50 BST 2025","","Play and Pause the Work Order and add comments: Try to Connect to Environment with valid Environment Code","",""
"","0","Then I verify asset field is populated","","Fri Sep 05 18:07:47 BST 2025","skipped","Fri Sep 05 18:07:47 BST 2025","","Create Follow-On Work Orders (Add to backlog, FIFI, Assign to me): create a follow on wo","",""
"","3873","Then I click on ""Service Quality Fault Rectified"" button","","Wed Sep 10 16:51:33 BST 2025","passed","Wed Sep 10 16:51:37 BST 2025","","Add Failure Codes: Login and Logout","",""
"","574","When I switch to the web view context","","Thu Sep 04 19:40:51 BST 2025","passed","Thu Sep 04 19:40:52 BST 2025","","Play and Pause the Work Order and add comments: Try to Connect to Environment with valid Environment Code","",""
"","1625","Then signIn option shows up","","Wed Sep 03 11:49:33 BST 2025","passed","Wed Sep 03 11:49:35 BST 2025","","Return WO: Return WO","",""
"","3875","Then I click on ""RETURN ICON"" button","","Thu Sep 04 19:55:55 BST 2025","passed","Thu Sep 04 19:55:59 BST 2025","","Play and Pause the Work Order and add comments: Try to Connect to Environment with valid Environment Code","",""
"","13515","Then I click on ""HISTORY TAB"" button","","Thu Sep 04 19:59:42 BST 2025","passed","Thu Sep 04 19:59:55 BST 2025","","Play and Pause the Work Order and add comments: Try to Connect to Environment with valid Environment Code","",""
"","1676","Then signIn option shows up","","Wed Sep 10 17:50:17 BST 2025","passed","Wed Sep 10 17:50:19 BST 2025","","Add Failure Codes: Login and Logout","",""
"","108788","Then I press the ""LOCATION EDIT"" button","","Mon Sep 08 19:28:23 BST 2025","broken","Mon Sep 08 19:30:12 BST 2025","","Change Work Location: Try to Connect to Environment with valid Environment Code","",""
"","1867","When I click on ""SIGN & COMPLETE"" button","","Wed Sep 10 18:21:54 BST 2025","passed","Wed Sep 10 18:21:56 BST 2025","","Complete a CM Followon WO: Complete WO","",""
"","620","When I set Region select field","","Mon Sep 08 18:06:32 BST 2025","passed","Mon Sep 08 18:06:33 BST 2025","","CREATE FOLLOW-ON WORK ORDERs (Add to backlog, FIFI, Assign to me): create a follow on wo","",""
"","4","Then I press ""location edit icon"" widget","","Mon Sep 08 20:44:02 BST 2025","skipped","Mon Sep 08 20:44:02 BST 2025","","Change Work Location: Try to Connect to Environment with valid Environment Code","",""
"","2551","Then I click on ""SEAT MISSING PRIORITY"" option","","Mon Sep 08 18:22:38 BST 2025","passed","Mon Sep 08 18:22:40 BST 2025","","CREATE FOLLOW-ON WORK ORDERs (Add to backlog, FIFI, Assign to me): create a follow on wo","",""
"","0","Then I click on ""SELECT A TEMPLATE "" button","","Fri Sep 05 18:07:47 BST 2025","skipped","Fri Sep 05 18:07:47 BST 2025","","Create Follow-On Work Orders (Add to backlog, FIFI, Assign to me): create a follow on wo","",""
"","4874","Then I click on ""CREATE FOLLOW-ON WORK ORDER"" button","","Mon Sep 08 18:21:53 BST 2025","passed","Mon Sep 08 18:21:57 BST 2025","","CREATE FOLLOW-ON WORK ORDERs (Add to backlog, FIFI, Assign to me): create a follow on wo","",""
"","22290","Then I click on ""START ICON"" button","","Wed Sep 03 11:32:41 BST 2025","broken","Wed Sep 03 11:33:04 BST 2025","","Return WO: Return WO","",""
"","3911","Then I click on ""Service Quality Fault Reported"" button","","Wed Sep 10 16:51:27 BST 2025","passed","Wed Sep 10 16:51:31 BST 2025","","Add Failure Codes: Login and Logout","",""
"","1257","When I click at ""first"" WO","","Wed Sep 10 18:18:07 BST 2025","passed","Wed Sep 10 18:18:08 BST 2025","","Complete a CM Followon WO: Complete WO","",""
"","763","Then I can connect to the Environment","","Wed Sep 10 18:39:39 BST 2025","passed","Wed Sep 10 18:39:40 BST 2025","","Complete a CM WO: Complete WO","",""
"","9662","And I switch to native view context","","Wed Sep 03 11:49:48 BST 2025","passed","Wed Sep 03 11:49:57 BST 2025","","Return WO: Return WO","",""
"","415","Then WO page is ""Shown""","","Wed Sep 10 18:52:48 BST 2025","passed","Wed Sep 10 18:52:48 BST 2025","","Complete a CM WO: Complete WO","",""
"","1344","Given I am on the Init page","","Thu Sep 04 19:40:41 BST 2025","passed","Thu Sep 04 19:40:43 BST 2025","","Play and Pause the Work Order and add comments: Try to Connect to Environment with valid Environment Code","",""
"","896","When I tap on task with number ""20.""","","Wed Sep 10 18:21:07 BST 2025","passed","Wed Sep 10 18:21:08 BST 2025","","Complete a CM Followon WO: Complete WO","",""
"","1872","Then I click on ""PAUSE WORK ORDER"" button","","Wed Sep 10 20:29:31 BST 2025","passed","Wed Sep 10 20:29:33 BST 2025","","Processing assigned task: Processing Task","",""
"","51092","Then I click at ""FAILURE CLASS"" option","","Wed Sep 10 14:43:32 BST 2025","broken","Wed Sep 10 14:44:23 BST 2025","","Add Failure Codes: Login and Logout","",""
"","61030","When I tap on task with number ""10.""","","Wed Sep 10 18:19:39 BST 2025","passed","Wed Sep 10 18:20:40 BST 2025","","Complete a CM Followon WO: Complete WO","",""
"","804","When I set Region as ""Europe""","","Wed Sep 10 18:05:34 BST 2025","passed","Wed Sep 10 18:05:34 BST 2025","","Complete a CM Followon WO: Complete WO","",""
"","5534","Then I navigate to ""back""","","Thu Sep 04 19:56:49 BST 2025","passed","Thu Sep 04 19:56:55 BST 2025","","Play and Pause the Work Order and add comments: Try to Connect to Environment with valid Environment Code","",""
"","980","Then The Worklist page is open","","Wed Sep 03 11:32:39 BST 2025","passed","Wed Sep 03 11:32:40 BST 2025","","Return WO: Return WO","",""
"","0","Then I click on ""377 Auxillaries"" button","","Fri Sep 05 18:07:47 BST 2025","skipped","Fri Sep 05 18:07:47 BST 2025","","Create Follow-On Work Orders (Add to backlog, FIFI, Assign to me): create a follow on wo","",""
"","21736","And I set ""measurement input"" value field to ""1500""","","Wed Sep 10 18:21:08 BST 2025","passed","Wed Sep 10 18:21:30 BST 2025","","Complete a CM Followon WO: Complete WO","",""
"","0","Then I click on ""FIRST RECORD"" option","","Fri Sep 05 18:07:47 BST 2025","skipped","Fri Sep 05 18:07:47 BST 2025","","Create Follow-On Work Orders (Add to backlog, FIFI, Assign to me): create a follow on wo","",""
"","19","And I switch to native view context","","Wed Sep 10 20:15:14 BST 2025","passed","Wed Sep 10 20:15:14 BST 2025","","Processing assigned task: Processing Task","",""
"","846","Then I can connect to the Environment","","Wed Sep 10 18:05:37 BST 2025","passed","Wed Sep 10 18:05:38 BST 2025","","Complete a CM Followon WO: Complete WO","",""
"","1944","Then I enter value in ""Enter summary...""","","Wed Sep 03 18:25:27 BST 2025","passed","Wed Sep 03 18:25:29 BST 2025","","Play and Pause the Work Order and add comments: Try to Connect to Environment with valid Environment Code","",""
"","17357","Then I click on ""START ICON"" button","","Tue Sep 09 21:43:38 BST 2025","passed","Tue Sep 09 21:43:55 BST 2025","","Change Work Location: Try to Connect to Environment with valid Environment Code","",""
"","762","When I navigate to ""back""","","Wed Sep 10 20:29:27 BST 2025","passed","Wed Sep 10 20:29:28 BST 2025","","Processing assigned task: Processing Task","",""
"","1352","Then WO page is ""Shown""","","Mon Sep 08 18:21:46 BST 2025","passed","Mon Sep 08 18:21:48 BST 2025","","CREATE FOLLOW-ON WORK ORDERs (Add to backlog, FIFI, Assign to me): create a follow on wo","",""
"","2663","When I set ""lucky-liger-8"" into Environment Code input field","","Wed Sep 10 19:44:05 BST 2025","passed","Wed Sep 10 19:44:08 BST 2025","","Complete a PM WO: Complete PM WO","",""
"","50578","Then I click on ""SERVICE QUALITY FAULT REPORTED"" button","","Wed Sep 10 15:59:24 BST 2025","broken","Wed Sep 10 16:00:15 BST 2025","","Add Failure Codes: Login and Logout","",""
"","17279","Then I click on ""START WORK"" button","","Tue Sep 09 21:43:55 BST 2025","passed","Tue Sep 09 21:44:12 BST 2025","","Change Work Location: Try to Connect to Environment with valid Environment Code","",""
"","548","Given I am on the Init page","","Fri Sep 05 17:54:15 BST 2025","passed","Fri Sep 05 17:54:16 BST 2025","","Create Follow-On Work Orders (Add to backlog, FIFI, Assign to me): create a follow on wo","",""
"","23571","And I set ""Details"" value field to ""TEST""","","Wed Sep 10 18:19:11 BST 2025","passed","Wed Sep 10 18:19:34 BST 2025","","Complete a CM Followon WO: Complete WO","",""
"","2792","Then I click on ""ADD COMMENT BUTTON"" button","","Wed Sep 10 18:54:12 BST 2025","passed","Wed Sep 10 18:54:15 BST 2025","","Complete a CM WO: Complete WO","",""
"","1150","When I press ""task"" widget","","Wed Sep 10 20:28:07 BST 2025","passed","Wed Sep 10 20:28:08 BST 2025","","Processing assigned task: Processing Task","",""
"","964","Then I click on ""PROBLEM CLASS"" option","","Wed Sep 10 18:53:05 BST 2025","passed","Wed Sep 10 18:53:06 BST 2025","","Complete a CM WO: Complete WO","",""
"","3992","When I click on ""Reject"" button","","Thu Sep 04 19:55:06 BST 2025","passed","Thu Sep 04 19:55:10 BST 2025","","Play and Pause the Work Order and add comments: Try to Connect to Environment with valid Environment Code","",""
"","0","And I take a screenshot","","Thu Sep 04 19:36:26 BST 2025","skipped","Thu Sep 04 19:36:26 BST 2025","","Play and Pause the Work Order and add comments: Try to Connect to Environment with valid Environment Code","",""
"","940","Then I navigate ""Work"" tab","","Wed Sep 10 18:18:14 BST 2025","passed","Wed Sep 10 18:18:15 BST 2025","","Complete a CM Followon WO: Complete WO","",""
"","0","Then I click on ""PAUSE WORK ORDER"" button","","Fri Sep 05 18:07:47 BST 2025","skipped","Fri Sep 05 18:07:47 BST 2025","","Create Follow-On Work Orders (Add to backlog, FIFI, Assign to me): create a follow on wo","",""
"","1242","Given I am on the Init page","","Wed Sep 10 17:50:11 BST 2025","passed","Wed Sep 10 17:50:12 BST 2025","","Add Failure Codes: Login and Logout","",""
"","902","When I click at ""first"" WO","","Wed Sep 10 20:28:01 BST 2025","passed","Wed Sep 10 20:28:01 BST 2025","","Processing assigned task: Processing Task","",""
"","1","hook:","","Thu Sep 04 19:59:55 BST 2025","failed","Thu Sep 04 19:59:55 BST 2025","","","",""
"","1197","Then The Worklist page is open","","Thu Sep 04 19:56:55 BST 2025","passed","Thu Sep 04 19:56:56 BST 2025","","Play and Pause the Work Order and add comments: Try to Connect to Environment with valid Environment Code","",""
"","1","hook:","","Tue Sep 09 21:45:44 BST 2025","failed","Tue Sep 09 21:45:44 BST 2025","","","",""
"","1","Then I click on ""CREATE FOLLOW-ON WORK ORDER"" button","","Fri Sep 05 18:07:47 BST 2025","skipped","Fri Sep 05 18:07:47 BST 2025","","Create Follow-On Work Orders (Add to backlog, FIFI, Assign to me): create a follow on wo","",""
"","0","When I click the location search field","","Mon Sep 08 20:01:13 BST 2025","broken","Mon Sep 08 20:01:13 BST 2025","","Change Work Location: Try to Connect to Environment with valid Environment Code","",""
"","1502","Then signIn option shows up","","Thu Sep 04 19:40:50 BST 2025","passed","Thu Sep 04 19:40:51 BST 2025","","Play and Pause the Work Order and add comments: Try to Connect to Environment with valid Environment Code","",""
"","762","When I set Region as ""Europe""","","Wed Sep 10 18:39:35 BST 2025","passed","Wed Sep 10 18:39:36 BST 2025","","Complete a CM WO: Complete WO","",""
"","1225","When I click at ""first"" WO","","Wed Sep 10 18:03:27 BST 2025","passed","Wed Sep 10 18:03:29 BST 2025","","Add Failure Codes: Login and Logout","",""
"","0","And I set ""Description"" value field to ""TESTING""","","Fri Sep 05 18:55:58 BST 2025","skipped","Fri Sep 05 18:55:58 BST 2025","","CREATE FOLLOW-ON WORK ORDERs (Add to backlog, FIFI, Assign to me): create a follow on wo","",""
"","5860","And I click on ""Sign In"" button","","Wed Sep 03 11:49:42 BST 2025","passed","Wed Sep 03 11:49:48 BST 2025","","Return WO: Return WO","",""
"","18","And I switch to native view context","","Wed Sep 10 19:44:17 BST 2025","passed","Wed Sep 10 19:44:17 BST 2025","","Complete a PM WO: Complete PM WO","",""
"","622","When I set Region select field","","Wed Sep 03 11:49:27 BST 2025","passed","Wed Sep 03 11:49:27 BST 2025","","Return WO: Return WO","",""
"","2332","And I enter password as ""cbruns""","","Wed Sep 10 18:05:41 BST 2025","passed","Wed Sep 10 18:05:44 BST 2025","","Complete a CM Followon WO: Complete WO","",""
"","755","Then I verify location field is populated","","Mon Sep 08 18:22:11 BST 2025","passed","Mon Sep 08 18:22:11 BST 2025","","CREATE FOLLOW-ON WORK ORDERs (Add to backlog, FIFI, Assign to me): create a follow on wo","",""
"","2344","Then I click on ""Service Quality Fault Reported"" button","","Wed Sep 10 18:53:10 BST 2025","passed","Wed Sep 10 18:53:12 BST 2025","","Complete a CM WO: Complete WO","",""
"","2458","Then I click on ""SQR 22(a) - Lighting - failed"" button","","Wed Sep 10 18:18:27 BST 2025","passed","Wed Sep 10 18:18:30 BST 2025","","Complete a CM Followon WO: Complete WO","",""
"","605","When I switch to the web view context","","Mon Sep 08 18:06:39 BST 2025","passed","Mon Sep 08 18:06:39 BST 2025","","CREATE FOLLOW-ON WORK ORDERs (Add to backlog, FIFI, Assign to me): create a follow on wo","",""
"","512","When I set Region select field","","Wed Sep 10 18:05:33 BST 2025","passed","Wed Sep 10 18:05:34 BST 2025","","Complete a CM Followon WO: Complete WO","",""
"","2452","Then I click on ""SERVICE QUALITY FAULT RECTIFIED"" option","","Mon Sep 08 18:22:47 BST 2025","passed","Mon Sep 08 18:22:50 BST 2025","","CREATE FOLLOW-ON WORK ORDERs (Add to backlog, FIFI, Assign to me): create a follow on wo","",""
"","51361","Then I click at ""SELECT TYPE"" option","","Wed Sep 03 17:43:26 BST 2025","broken","Wed Sep 03 17:44:18 BST 2025","","Play and Pause the Work Order and add comments: Try to Connect to Environment with valid Environment Code","",""
"","0","Then I click on ""REMEDY CLASS"" option","","Fri Sep 05 18:07:47 BST 2025","skipped","Fri Sep 05 18:07:47 BST 2025","","Create Follow-On Work Orders (Add to backlog, FIFI, Assign to me): create a follow on wo","",""
"","0","Then I click at ""CAUSE CLASS"" option","","Fri Sep 05 16:32:29 BST 2025","skipped","Fri Sep 05 16:32:29 BST 2025","","Create Follow-On Work Orders (Add to backlog, FIFI, Assign to me): create a follow on wo","",""
"","1","When I select ""End"" date field","","Wed Sep 03 16:18:54 BST 2025","skipped","Wed Sep 03 16:18:54 BST 2025","","Play and Pause the Work Order and add comments: Try to Connect to Environment with valid Environment Code","",""
"","2099","When I set ""lucky-liger-8"" into Environment Code input field","","Wed Sep 03 11:49:29 BST 2025","passed","Wed Sep 03 11:49:31 BST 2025","","Return WO: Return WO","",""
"","3016","Then signIn option shows up","","Tue Sep 09 21:28:50 BST 2025","passed","Tue Sep 09 21:28:53 BST 2025","","Change Work Location: Try to Connect to Environment with valid Environment Code","",""
"","2428","And I enter password as ""cbruns""","","Wed Sep 10 18:39:44 BST 2025","passed","Wed Sep 10 18:39:46 BST 2025","","Complete a CM WO: Complete WO","",""
"","832","When I navigate to ""back""","","Wed Sep 10 18:21:57 BST 2025","passed","Wed Sep 10 18:21:58 BST 2025","","Complete a CM Followon WO: Complete WO","",""
"","2446","And I enter password as ""cbruns""","","Wed Sep 10 20:15:09 BST 2025","passed","Wed Sep 10 20:15:11 BST 2025","","Processing assigned task: Processing Task","",""
"","759","When I set Region as ""Europe""","","Wed Sep 10 19:44:04 BST 2025","passed","Wed Sep 10 19:44:05 BST 2025","","Complete a PM WO: Complete PM WO","",""
"","1","hook:","","Wed Sep 10 20:29:44 BST 2025","failed","Wed Sep 10 20:29:44 BST 2025","","","",""
"","0","When I select ""Start"" date field","","Wed Sep 03 11:33:04 BST 2025","skipped","Wed Sep 03 11:33:04 BST 2025","","Return WO: Return WO","",""
"","13020","Then I click on ""location edit icon"" widget","","Tue Sep 09 21:44:21 BST 2025","passed","Tue Sep 09 21:44:34 BST 2025","","Change Work Location: Try to Connect to Environment with valid Environment Code","",""
"","0","Then I click on ""CRACKED"" option","","Fri Sep 05 20:24:59 BST 2025","skipped","Fri Sep 05 20:24:59 BST 2025","","CREATE FOLLOW-ON WORK ORDERs (Add to backlog, FIFI, Assign to me): create a follow on wo","",""
"","18442","Then I click on ""CONFIRM"" button","","Tue Sep 09 21:45:12 BST 2025","passed","Tue Sep 09 21:45:30 BST 2025","","Change Work Location: Try to Connect to Environment with valid Environment Code","",""
"","34414","When I click on ""Complete"" button","","Wed Sep 10 18:54:15 BST 2025","passed","Wed Sep 10 18:54:50 BST 2025","","Complete a CM WO: Complete WO","",""
"","13024","Then I click on ""ADD COMMENT"" button","","Thu Sep 04 19:57:40 BST 2025","passed","Thu Sep 04 19:57:53 BST 2025","","Play and Pause the Work Order and add comments: Try to Connect to Environment with valid Environment Code","",""
"","15688","Then I click on ""THIS WORK ORDER IS READONLY. Tap to return to your currently active Work Order."" button","","Wed Sep 03 15:22:32 BST 2025","broken","Wed Sep 03 15:22:48 BST 2025","","Play and Pause the Work Order and add comments: Try to Connect to Environment with valid Environment Code","",""
"","844214","And I see allow button","","Wed Sep 03 11:18:31 BST 2025","passed","Wed Sep 03 11:32:35 BST 2025","","Return WO: Return WO","",""
"","9631","And I switch to native view context","","Thu Sep 04 19:41:04 BST 2025","passed","Thu Sep 04 19:41:13 BST 2025","","Play and Pause the Work Order and add comments: Try to Connect to Environment with valid Environment Code","",""
"","2654","When I click at ""first"" WO","","Tue Sep 09 21:45:42 BST 2025","passed","Tue Sep 09 21:45:44 BST 2025","","Change Work Location: Try to Connect to Environment with valid Environment Code","",""
"","2453","And I enter password as ""cbruns""","","Wed Sep 10 17:50:21 BST 2025","passed","Wed Sep 10 17:50:24 BST 2025","","Add Failure Codes: Login and Logout","",""
"","1979","Then I click on ""SAVE"" button","","Wed Sep 10 18:53:15 BST 2025","passed","Wed Sep 10 18:53:17 BST 2025","","Complete a CM WO: Complete WO","",""
"","2728","When I set ""lucky-liger-8"" into Environment Code input field","","Wed Sep 10 18:39:36 BST 2025","passed","Wed Sep 10 18:39:39 BST 2025","","Complete a CM WO: Complete WO","",""
"","1","hook:","","Wed Sep 10 18:54:53 BST 2025","failed","Wed Sep 10 18:54:53 BST 2025","","","",""
"","454","Then WO page is ""Shown""","","Wed Sep 10 19:57:00 BST 2025","passed","Wed Sep 10 19:57:01 BST 2025","","Complete a PM WO: Complete PM WO","",""
"","1675","Then I click on ""START ICON"" button","","Wed Sep 10 20:28:01 BST 2025","passed","Wed Sep 10 20:28:03 BST 2025","","Processing assigned task: Processing Task","",""
"","2219","When I select ""Start"" date field","","Wed Sep 03 16:18:48 BST 2025","passed","Wed Sep 03 16:18:50 BST 2025","","Play and Pause the Work Order and add comments: Try to Connect to Environment with valid Environment Code","",""
"","10548","Then The status of the work Order is in ""On Hold""","","Wed Sep 10 20:29:33 BST 2025","passed","Wed Sep 10 20:29:43 BST 2025","","Processing assigned task: Processing Task","",""
"","547","Then signIn option shows up","","Fri Sep 05 17:54:22 BST 2025","passed","Fri Sep 05 17:54:22 BST 2025","","Create Follow-On Work Orders (Add to backlog, FIFI, Assign to me): create a follow on wo","",""
"","0","Then The Worklist page is open","","Fri Sep 05 18:07:47 BST 2025","skipped","Fri Sep 05 18:07:47 BST 2025","","Create Follow-On Work Orders (Add to backlog, FIFI, Assign to me): create a follow on wo","",""
"","0","Then I click on ""HISTORY TAB"" button","","Fri Sep 05 18:07:47 BST 2025","skipped","Fri Sep 05 18:07:47 BST 2025","","Create Follow-On Work Orders (Add to backlog, FIFI, Assign to me): create a follow on wo","",""
"","4866","Then I click on ""START WORK"" button","","Mon Sep 08 18:19:33 BST 2025","passed","Mon Sep 08 18:19:38 BST 2025","","CREATE FOLLOW-ON WORK ORDERs (Add to backlog, FIFI, Assign to me): create a follow on wo","",""
"","2543","Then I click on ""ADD TO BACKLOG"" option","","Mon Sep 08 17:59:39 BST 2025","passed","Mon Sep 08 17:59:41 BST 2025","","CREATE FOLLOW-ON WORK ORDERs (Add to backlog, FIFI, Assign to me): create a follow on wo","",""
"","1343","Given I am on the Init page","","Wed Sep 10 19:44:02 BST 2025","passed","Wed Sep 10 19:44:04 BST 2025","","Complete a PM WO: Complete PM WO","",""
"","853332","And I see allow button","","Tue Sep 09 21:29:05 BST 2025","passed","Tue Sep 09 21:43:19 BST 2025","","Change Work Location: Try to Connect to Environment with valid Environment Code","",""
"","0","Then I click on ""SERVICE QUALITY FAULT RECTIFIED"" button","","Wed Sep 10 16:00:15 BST 2025","skipped","Wed Sep 10 16:00:15 BST 2025","","Add Failure Codes: Login and Logout","",""
"","1767","Then I click on ""PAUSE ICON"" button","","Wed Sep 10 19:57:05 BST 2025","passed","Wed Sep 10 19:57:07 BST 2025","","Complete a PM WO: Complete PM WO","",""
"","1676","Then I navigate to ""back""","","Wed Sep 10 16:51:51 BST 2025","passed","Wed Sep 10 16:51:53 BST 2025","","Add Failure Codes: Login and Logout","",""
"","0","Then I click the ""Assign to me"" dropdown option","","Fri Sep 05 23:09:43 BST 2025","skipped","Fri Sep 05 23:09:43 BST 2025","","CREATE FOLLOW-ON WORK ORDERs (Add to backlog, FIFI, Assign to me): create a follow on wo","",""
"","1939","Then I click on ""TYPE FIELD"" button","","Wed Sep 10 18:53:21 BST 2025","passed","Wed Sep 10 18:53:23 BST 2025","","Complete a CM WO: Complete WO","",""
"","4824","Then I click on ""MORE ACTION ICON"" button","","Mon Sep 08 18:21:48 BST 2025","passed","Mon Sep 08 18:21:52 BST 2025","","CREATE FOLLOW-ON WORK ORDERs (Add to backlog, FIFI, Assign to me): create a follow on wo","",""
"","2550","And I click on ""Sign In"" button","","Wed Sep 10 18:39:46 BST 2025","passed","Wed Sep 10 18:39:49 BST 2025","","Complete a CM WO: Complete WO","",""
"","0","Then I enter ""TEST"" in textfield ""Please enter a reason for returning the work...""","","Wed Sep 03 11:33:04 BST 2025","skipped","Wed Sep 03 11:33:04 BST 2025","","Return WO: Return WO","",""
"","509","Then The Worklist page is open","","Wed Sep 10 19:56:59 BST 2025","passed","Wed Sep 10 19:56:59 BST 2025","","Complete a PM WO: Complete PM WO","",""
"","0","Then WO page is ""Shown""","","Fri Sep 05 18:07:47 BST 2025","skipped","Fri Sep 05 18:07:47 BST 2025","","Create Follow-On Work Orders (Add to backlog, FIFI, Assign to me): create a follow on wo","",""
"","965","When I switch to the web view context","","Wed Sep 10 20:15:06 BST 2025","passed","Wed Sep 10 20:15:07 BST 2025","","Processing assigned task: Processing Task","",""
"","1993","When I click on ""Complete"" button","","Wed Sep 10 18:22:00 BST 2025","passed","Wed Sep 10 18:22:02 BST 2025","","Complete a CM Followon WO: Complete WO","",""
"","7915","Then WO page is ""Shown""","","Tue Sep 09 21:43:30 BST 2025","passed","Tue Sep 09 21:43:38 BST 2025","","Change Work Location: Try to Connect to Environment with valid Environment Code","",""
"","1375","When I set Region as ""Europe""","","Wed Sep 03 11:49:27 BST 2025","passed","Wed Sep 03 11:49:29 BST 2025","","Return WO: Return WO","",""
"","456","Then I take a screenshot","","Wed Sep 10 19:57:11 BST 2025","passed","Wed Sep 10 19:57:12 BST 2025","","Complete a PM WO: Complete PM WO","",""
"","1562","Then signIn option shows up","","Wed Sep 10 18:05:38 BST 2025","passed","Wed Sep 10 18:05:39 BST 2025","","Complete a CM Followon WO: Complete WO","",""
"","1294","Then The status of the work Order is in ""In Progress""","","Wed Sep 10 18:03:33 BST 2025","passed","Wed Sep 10 18:03:34 BST 2025","","Add Failure Codes: Login and Logout","",""
"","466","Then WO page is ""Shown""","","Wed Sep 10 18:03:29 BST 2025","passed","Wed Sep 10 18:03:29 BST 2025","","Add Failure Codes: Login and Logout","",""
"","358","Then I take a screenshot","","Thu Sep 04 19:59:55 BST 2025","passed","Thu Sep 04 19:59:55 BST 2025","","Play and Pause the Work Order and add comments: Try to Connect to Environment with valid Environment Code","",""
"","2410","Then I enter username as ""CBRUNS""","","Tue Sep 09 21:28:54 BST 2025","passed","Tue Sep 09 21:28:57 BST 2025","","Change Work Location: Try to Connect to Environment with valid Environment Code","",""
"","2212","Then I click on ""FAILURE CLASS"" option","","Mon Sep 08 18:22:31 BST 2025","passed","Mon Sep 08 18:22:33 BST 2025","","CREATE FOLLOW-ON WORK ORDERs (Add to backlog, FIFI, Assign to me): create a follow on wo","",""
"","1068","When I switch to the web view context","","Tue Sep 09 21:28:53 BST 2025","passed","Tue Sep 09 21:28:54 BST 2025","","Change Work Location: Try to Connect to Environment with valid Environment Code","",""
"","1502","When I click at ""first"" WO","","Wed Sep 03 11:32:40 BST 2025","passed","Wed Sep 03 11:32:41 BST 2025","","Return WO: Return WO","",""
"","0","Then I click at ""CAUSE CLASS"" option","","Wed Sep 10 14:44:23 BST 2025","skipped","Wed Sep 10 14:44:23 BST 2025","","Add Failure Codes: Login and Logout","",""
"","14295","And I enter ""RS"" in the location search field","","Tue Sep 09 21:44:46 BST 2025","passed","Tue Sep 09 21:45:00 BST 2025","","Change Work Location: Try to Connect to Environment with valid Environment Code","",""
"","745559","And I see allow button","","Mon Sep 08 18:06:56 BST 2025","passed","Mon Sep 08 18:19:22 BST 2025","","CREATE FOLLOW-ON WORK ORDERs (Add to backlog, FIFI, Assign to me): create a follow on wo","",""
"","764577","And I see allow button","","Wed Sep 10 20:15:14 BST 2025","passed","Wed Sep 10 20:27:58 BST 2025","","Processing assigned task: Processing Task","",""
"","2636","Then I can connect to the Environment","","Thu Sep 04 19:40:47 BST 2025","passed","Thu Sep 04 19:40:50 BST 2025","","Play and Pause the Work Order and add comments: Try to Connect to Environment with valid Environment Code","",""
"","2322","Then I click on ""CAUSE CLASS"" option","","Mon Sep 08 18:22:40 BST 2025","passed","Mon Sep 08 18:22:43 BST 2025","","CREATE FOLLOW-ON WORK ORDERs (Add to backlog, FIFI, Assign to me): create a follow on wo","",""
"","1024","Then I click on ""REMEDY CLASS"" option","","Wed Sep 10 18:18:33 BST 2025","passed","Wed Sep 10 18:18:34 BST 2025","","Complete a CM Followon WO: Complete WO","",""
"","0","Then I click at ""Select type..."" option","","Wed Sep 03 17:00:27 BST 2025","skipped","Wed Sep 03 17:00:27 BST 2025","","Play and Pause the Work Order and add comments: Try to Connect to Environment with valid Environment Code","",""
"","3080","Then I enter value in ""Enter details...""","","Wed Sep 03 18:25:29 BST 2025","passed","Wed Sep 03 18:25:32 BST 2025","","Play and Pause the Work Order and add comments: Try to Connect to Environment with valid Environment Code","",""
"","0","Then I click on ""RETURN"" button","","Wed Sep 03 11:33:04 BST 2025","skipped","Wed Sep 03 11:33:04 BST 2025","","Return WO: Return WO","",""
"","446","When I switch to the web view context","","Wed Sep 10 19:44:10 BST 2025","passed","Wed Sep 10 19:44:10 BST 2025","","Complete a PM WO: Complete PM WO","",""
"","4462","Then I set date as ""yesterdays"" date","","Wed Sep 03 16:18:50 BST 2025","passed","Wed Sep 03 16:18:54 BST 2025","","Play and Pause the Work Order and add comments: Try to Connect to Environment with valid Environment Code","",""
"","2432","Then I click on ""REMEDY CLASS"" option","","Mon Sep 08 18:22:45 BST 2025","passed","Mon Sep 08 18:22:47 BST 2025","","CREATE FOLLOW-ON WORK ORDERs (Add to backlog, FIFI, Assign to me): create a follow on wo","",""
"","0","Then I click on ""FAILURE CLASS"" option","","Fri Sep 05 18:07:47 BST 2025","skipped","Fri Sep 05 18:07:47 BST 2025","","Create Follow-On Work Orders (Add to backlog, FIFI, Assign to me): create a follow on wo","",""
"","0","Then I click on ""PROBLEM CLASS"" option","","Fri Sep 05 18:07:47 BST 2025","skipped","Fri Sep 05 18:07:47 BST 2025","","Create Follow-On Work Orders (Add to backlog, FIFI, Assign to me): create a follow on wo","",""
"","1931","Then I click on ""ADD COMMENT"" button","","Wed Sep 10 18:53:19 BST 2025","passed","Wed Sep 10 18:53:21 BST 2025","","Complete a CM WO: Complete WO","",""
"","696","When I tap on task with number ""10.""","","Wed Sep 10 20:28:08 BST 2025","passed","Wed Sep 10 20:28:09 BST 2025","","Processing assigned task: Processing Task","",""
"","437","When I switch to the web view context","","Wed Sep 10 18:05:39 BST 2025","passed","Wed Sep 10 18:05:40 BST 2025","","Complete a CM Followon WO: Complete WO","",""
"","0","Then I click on ""PAUSE ICON"" button","","Fri Sep 05 18:07:47 BST 2025","skipped","Fri Sep 05 18:07:47 BST 2025","","Create Follow-On Work Orders (Add to backlog, FIFI, Assign to me): create a follow on wo","",""
"","3495","Then I click on ""SAVE"" button","","Wed Sep 10 16:51:37 BST 2025","passed","Wed Sep 10 16:51:40 BST 2025","","Add Failure Codes: Login and Logout","",""
"","3328","And I enter password as ""maximo""","","Thu Sep 04 19:40:54 BST 2025","passed","Thu Sep 04 19:40:58 BST 2025","","Play and Pause the Work Order and add comments: Try to Connect to Environment with valid Environment Code","",""
"","1392","When I press ""task"" widget","","Wed Sep 10 18:19:37 BST 2025","passed","Wed Sep 10 18:19:39 BST 2025","","Complete a CM Followon WO: Complete WO","",""
"","0","hook:","","Wed Sep 03 11:49:26 BST 2025","failed","Wed Sep 03 11:49:26 BST 2025","","","",""
"","1408","Given I am on the Init page","","Wed Sep 10 18:39:33 BST 2025","passed","Wed Sep 10 18:39:35 BST 2025","","Complete a CM WO: Complete WO","",""
"","1680","Then signIn option shows up","","Wed Sep 10 20:15:04 BST 2025","passed","Wed Sep 10 20:15:06 BST 2025","","Processing assigned task: Processing Task","",""
"","18","And I switch to native view context","","Wed Sep 10 17:50:27 BST 2025","passed","Wed Sep 10 17:50:27 BST 2025","","Add Failure Codes: Login and Logout","",""
"","5890","And I click on ""Sign In"" button","","Thu Sep 04 19:40:58 BST 2025","passed","Thu Sep 04 19:41:04 BST 2025","","Play and Pause the Work Order and add comments: Try to Connect to Environment with valid Environment Code","",""
"","1993","When I click on ""Reject"" button","","Wed Sep 10 18:52:44 BST 2025","passed","Wed Sep 10 18:52:46 BST 2025","","Complete a CM WO: Complete WO","",""
"","2854","Then I click on ""ADD COMMENT BUTTON"" button","","Wed Sep 10 18:19:34 BST 2025","passed","Wed Sep 10 18:19:37 BST 2025","","Complete a CM Followon WO: Complete WO","",""
"","1651","Then I click on ""START ICON"" button","","Wed Sep 10 18:52:48 BST 2025","passed","Wed Sep 10 18:52:50 BST 2025","","Complete a CM WO: Complete WO","",""
"","798","When I set Region as ""Europe""","","Wed Sep 10 20:15:00 BST 2025","passed","Wed Sep 10 20:15:01 BST 2025","","Processing assigned task: Processing Task","",""
"","1262","Then I click on ""first"" WO","","Fri Sep 05 18:07:14 BST 2025","passed","Fri Sep 05 18:07:16 BST 2025","","Create Follow-On Work Orders (Add to backlog, FIFI, Assign to me): create a follow on wo","",""
"","1","Then I click ""LOCATION SEARCH"" field","","Mon Sep 08 20:22:39 BST 2025","broken","Mon Sep 08 20:22:39 BST 2025","","Change Work Location: Try to Connect to Environment with valid Environment Code","",""
"","2983","Then The status of the work Order is in ""In Progress""","","Mon Sep 08 18:19:38 BST 2025","passed","Mon Sep 08 18:19:41 BST 2025","","CREATE FOLLOW-ON WORK ORDERs (Add to backlog, FIFI, Assign to me): create a follow on wo","",""
"","718","Then The Worklist page is open","","Wed Sep 10 18:03:27 BST 2025","passed","Wed Sep 10 18:03:27 BST 2025","","Add Failure Codes: Login and Logout","",""
"","1025","Then I click on ""CAUSE CLASS"" option","","Wed Sep 10 18:53:09 BST 2025","passed","Wed Sep 10 18:53:10 BST 2025","","Complete a CM WO: Complete WO","",""
"","12","Then I click at button next to ""On Hold""","","Wed Sep 03 16:40:31 BST 2025","skipped","Wed Sep 03 16:40:31 BST 2025","","Play and Pause the Work Order and add comments: Try to Connect to Environment with valid Environment Code","",""
"","0","Then I click on ""377: AUXILIARIES"" option","","Fri Sep 05 20:24:59 BST 2025","skipped","Fri Sep 05 20:24:59 BST 2025","","CREATE FOLLOW-ON WORK ORDERs (Add to backlog, FIFI, Assign to me): create a follow on wo","",""
"","5062","Then I click on ""PAUSE"" button","","Mon Sep 08 18:23:06 BST 2025","passed","Mon Sep 08 18:23:11 BST 2025","","CREATE FOLLOW-ON WORK ORDERs (Add to backlog, FIFI, Assign to me): create a follow on wo","",""
"","1138","Then ""FAILURE INFORMATION"" widget is clicked","","Wed Sep 10 18:03:35 BST 2025","passed","Wed Sep 10 18:03:36 BST 2025","","Add Failure Codes: Login and Logout","",""
"","2106","Then I click on ""PAUSE ICON"" button","","Wed Sep 10 18:21:58 BST 2025","passed","Wed Sep 10 18:22:00 BST 2025","","Complete a CM Followon WO: Complete WO","",""
"","0","Then I click on ""On Hold"" button","","Wed Sep 03 12:05:50 BST 2025","skipped","Wed Sep 03 12:05:50 BST 2025","","Play and Pause the Work Order and add comments: Try to Connect to Environment with valid Environment Code","",""
"","0","Then I navigate to ""BACK""","","Wed Sep 03 13:51:59 BST 2025","skipped","Wed Sep 03 13:51:59 BST 2025","","Play and Pause the Work Order and add comments: Try to Connect to Environment with valid Environment Code","",""
"","8763","Then I navigate to ""back""","","Tue Sep 09 21:45:31 BST 2025","passed","Tue Sep 09 21:45:40 BST 2025","","Change Work Location: Try to Connect to Environment with valid Environment Code","",""
"","14319","Then I click on ""ADD COMMENT BUTTON"" button","","Thu Sep 04 19:58:48 BST 2025","passed","Thu Sep 04 19:59:02 BST 2025","","Play and Pause the Work Order and add comments: Try to Connect to Environment with valid Environment Code","",""
"","0","Then I click on ""COMMENTS OPTION"" button","","Thu Sep 04 19:36:26 BST 2025","skipped","Thu Sep 04 19:36:26 BST 2025","","Play and Pause the Work Order and add comments: Try to Connect to Environment with valid Environment Code","",""
"","0","When I select ""End"" date field","","Wed Sep 03 11:33:04 BST 2025","skipped","Wed Sep 03 11:33:04 BST 2025","","Return WO: Return WO","",""
"","1","hook:","","Wed Sep 10 17:50:11 BST 2025","failed","Wed Sep 10 17:50:11 BST 2025","","","",""
"","2404","When I click on ""Reject"" button","","Wed Sep 10 18:18:04 BST 2025","passed","Wed Sep 10 18:18:06 BST 2025","","Complete a CM Followon WO: Complete WO","",""
"","0","Then I click on ""PAUSE ICON"" button","","Wed Sep 03 11:33:04 BST 2025","skipped","Wed Sep 03 11:33:04 BST 2025","","Return WO: Return WO","",""
"","687","When I set Region select field","","Wed Sep 10 19:44:04 BST 2025","passed","Wed Sep 10 19:44:04 BST 2025","","Complete a PM WO: Complete PM WO","",""
"","13084","Then I click on ""PAUSE WORK ORDER"" button","","Thu Sep 04 19:59:28 BST 2025","passed","Thu Sep 04 19:59:42 BST 2025","","Play and Pause the Work Order and add comments: Try to Connect to Environment with valid Environment Code","",""
"","505","When I set Region select field","","Wed Sep 10 17:50:12 BST 2025","passed","Wed Sep 10 17:50:13 BST 2025","","Add Failure Codes: Login and Logout","",""
"","554","Then signIn option shows up","","Mon Sep 08 18:06:38 BST 2025","passed","Mon Sep 08 18:06:39 BST 2025","","CREATE FOLLOW-ON WORK ORDERs (Add to backlog, FIFI, Assign to me): create a follow on wo","",""
"","2350","Then I navigate to ""back""","","Mon Sep 08 18:23:22 BST 2025","passed","Mon Sep 08 18:23:24 BST 2025","","CREATE FOLLOW-ON WORK ORDERs (Add to backlog, FIFI, Assign to me): create a follow on wo","",""
"","489","Given I am on the Init page","","Wed Sep 03 11:49:26 BST 2025","passed","Wed Sep 03 11:49:27 BST 2025","","Return WO: Return WO","",""
"","383","Given I am on the Init page","","Mon Sep 08 18:06:32 BST 2025","passed","Mon Sep 08 18:06:32 BST 2025","","CREATE FOLLOW-ON WORK ORDERs (Add to backlog, FIFI, Assign to me): create a follow on wo","",""
"","516","Then The Worklist page is open","","Wed Sep 10 20:28:00 BST 2025","passed","Wed Sep 10 20:28:01 BST 2025","","Processing assigned task: Processing Task","",""
"","731","When I set Region as ""Europe""","","Wed Sep 10 17:50:13 BST 2025","passed","Wed Sep 10 17:50:14 BST 2025","","Add Failure Codes: Login and Logout","",""
"","777643","And I see allow button","","Wed Sep 10 17:50:27 BST 2025","passed","Wed Sep 10 18:03:24 BST 2025","","Add Failure Codes: Login and Logout","",""
"","0","Then I set Description field to ""TESTING""","","Fri Sep 05 18:28:30 BST 2025","skipped","Fri Sep 05 18:28:30 BST 2025","","CREATE FOLLOW-ON WORK ORDERs (Add to backlog, FIFI, Assign to me): create a follow on wo","",""
"","4468","And I set ""details"" value field to ""TEST""","","Thu Sep 04 12:39:00 BST 2025","passed","Thu Sep 04 12:39:04 BST 2025","","Play and Pause the Work Order and add comments: Try to Connect to Environment with valid Environment Code","",""
"","2487","When I set ""lucky-liger-8"" into Environment Code input field","","Wed Sep 10 20:15:01 BST 2025","passed","Wed Sep 10 20:15:03 BST 2025","","Processing assigned task: Processing Task","",""
"","1816","Then I click on ""PAUSE ICON"" button","","Wed Sep 10 20:29:28 BST 2025","passed","Wed Sep 10 20:29:29 BST 2025","","Processing assigned task: Processing Task","",""
"","476","Then I take a screenshot","","Wed Sep 10 16:51:40 BST 2025","passed","Wed Sep 10 16:51:41 BST 2025","","Add Failure Codes: Login and Logout","",""
"","2721","When I click on ""Reject"" button","","Mon Sep 08 18:19:22 BST 2025","passed","Mon Sep 08 18:19:24 BST 2025","","CREATE FOLLOW-ON WORK ORDERs (Add to backlog, FIFI, Assign to me): create a follow on wo","",""
"","2460","Then I enter username as ""AGRAY""","","Thu Sep 04 19:40:52 BST 2025","passed","Thu Sep 04 19:40:54 BST 2025","","Play and Pause the Work Order and add comments: Try to Connect to Environment with valid Environment Code","",""
"","0","Then I set date as ""todays"" date","","Wed Sep 03 11:33:04 BST 2025","skipped","Wed Sep 03 11:33:04 BST 2025","","Return WO: Return WO","",""
"","0","When I click on ""ADD TO BACKLOG OPTIONS"" option","","Fri Sep 05 23:52:12 BST 2025","skipped","Fri Sep 05 23:52:12 BST 2025","","CREATE FOLLOW-ON WORK ORDERs (Add to backlog, FIFI, Assign to me): create a follow on wo","",""
"","1393","Then I can connect to the Environment","","Tue Sep 09 21:28:49 BST 2025","passed","Tue Sep 09 21:28:50 BST 2025","","Change Work Location: Try to Connect to Environment with valid Environment Code","",""
"","0","Then I set date as ""todays"" date","","Wed Sep 03 16:18:54 BST 2025","skipped","Wed Sep 03 16:18:54 BST 2025","","Play and Pause the Work Order and add comments: Try to Connect to Environment with valid Environment Code","",""
"","1","Then I click on ""START WORK"" button","","Wed Sep 03 11:33:04 BST 2025","skipped","Wed Sep 03 11:33:04 BST 2025","","Return WO: Return WO","",""
"","10549","And I set ""summary"" value field to ""TEST""","","Thu Sep 04 12:38:49 BST 2025","passed","Thu Sep 04 12:39:00 BST 2025","","Play and Pause the Work Order and add comments: Try to Connect to Environment with valid Environment Code","",""
"","283","Then ""20"" page appears","","Wed Sep 10 20:28:37 BST 2025","passed","Wed Sep 10 20:28:38 BST 2025","","Processing assigned task: Processing Task","",""
"","1826","Then The status of the work Order is in ""In Progress""","","Fri Sep 05 18:07:22 BST 2025","passed","Fri Sep 05 18:07:24 BST 2025","","Create Follow-On Work Orders (Add to backlog, FIFI, Assign to me): create a follow on wo","",""
"","12607","Then I click on ""PAUSE"" button","","Thu Sep 04 19:59:16 BST 2025","passed","Thu Sep 04 19:59:28 BST 2025","","Play and Pause the Work Order and add comments: Try to Connect to Environment with valid Environment Code","",""
"","3860","Then I click on ""171-SQR-022: HEATING & LIGHTING"" button","","Wed Sep 10 18:18:22 BST 2025","passed","Wed Sep 10 18:18:26 BST 2025","","Complete a CM Followon WO: Complete WO","",""
"","9785","And I switch to native view context","","Mon Sep 08 18:06:46 BST 2025","passed","Mon Sep 08 18:06:56 BST 2025","","CREATE FOLLOW-ON WORK ORDERs (Add to backlog, FIFI, Assign to me): create a follow on wo","",""
"","1983","Then I click on ""MORE ACTION ICON"" button","","Wed Sep 10 18:18:39 BST 2025","passed","Wed Sep 10 18:18:41 BST 2025","","Complete a CM Followon WO: Complete WO","",""
"","1669","Then I click on ""START ICON"" button","","Wed Sep 10 18:03:29 BST 2025","passed","Wed Sep 10 18:03:31 BST 2025","","Add Failure Codes: Login and Logout","",""
"","6088","Then I click on ""FAILURE CLASS"" option","","Wed Sep 10 18:03:36 BST 2025","passed","Wed Sep 10 18:03:42 BST 2025","","Add Failure Codes: Login and Logout","",""
"","832665","And I see allow button","","Thu Sep 04 19:41:13 BST 2025","passed","Thu Sep 04 19:55:06 BST 2025","","Play and Pause the Work Order and add comments: Try to Connect to Environment with valid Environment Code","",""
"","2046","Then I can connect to the Environment","","Fri Sep 05 17:54:20 BST 2025","passed","Fri Sep 05 17:54:22 BST 2025","","Create Follow-On Work Orders (Add to backlog, FIFI, Assign to me): create a follow on wo","",""
"","1864","Then I enter username as ""CBRUNS""","","Fri Sep 05 17:54:23 BST 2025","passed","Fri Sep 05 17:54:25 BST 2025","","Create Follow-On Work Orders (Add to backlog, FIFI, Assign to me): create a follow on wo","",""
"","9822","And I switch to native view context","","Fri Sep 05 17:54:30 BST 2025","passed","Fri Sep 05 17:54:40 BST 2025","","Create Follow-On Work Orders (Add to backlog, FIFI, Assign to me): create a follow on wo","",""
"","2872","When I set ""lucky-liger-8"" into Environment Code input field","","Mon Sep 08 18:06:33 BST 2025","passed","Mon Sep 08 18:06:36 BST 2025","","CREATE FOLLOW-ON WORK ORDERs (Add to backlog, FIFI, Assign to me): create a follow on wo","",""
"","1967","Then I click on ""START WORK"" button","","Wed Sep 10 18:18:10 BST 2025","passed","Wed Sep 10 18:18:12 BST 2025","","Complete a CM Followon WO: Complete WO","",""
"","0","Then I click at ""PROBLEM CLASS"" option","","Fri Sep 05 16:32:29 BST 2025","skipped","Fri Sep 05 16:32:29 BST 2025","","Create Follow-On Work Orders (Add to backlog, FIFI, Assign to me): create a follow on wo","",""
"","1863","When I click on ""SIGN & COMPLETE"" button","","Wed Sep 10 20:29:24 BST 2025","passed","Wed Sep 10 20:29:26 BST 2025","","Processing assigned task: Processing Task","",""
"","3822","Then I click on ""SQR 22(a) - Lighting - failed"" button","","Wed Sep 10 16:51:22 BST 2025","passed","Wed Sep 10 16:51:26 BST 2025","","Add Failure Codes: Login and Logout","",""
"","2496","Then I can connect to the Environment","","Wed Sep 03 11:49:31 BST 2025","passed","Wed Sep 03 11:49:33 BST 2025","","Return WO: Return WO","",""
"","651","When I switch to the web view context","","Wed Sep 03 11:49:35 BST 2025","passed","Wed Sep 03 11:49:36 BST 2025","","Return WO: Return WO","",""
"","3844","Then WO page is ""Shown""","","Thu Sep 04 19:56:57 BST 2025","passed","Thu Sep 04 19:57:01 BST 2025","","Play and Pause the Work Order and add comments: Try to Connect to Environment with valid Environment Code","",""
"","1642","Then I verify asset field is populated","","Mon Sep 08 18:22:11 BST 2025","passed","Mon Sep 08 18:22:13 BST 2025","","CREATE FOLLOW-ON WORK ORDERs (Add to backlog, FIFI, Assign to me): create a follow on wo","",""
"","999","Then I can connect to the Environment","","Wed Sep 10 17:50:16 BST 2025","passed","Wed Sep 10 17:50:17 BST 2025","","Add Failure Codes: Login and Logout","",""
"","1392","Then I click on ""first"" WO","","Mon Sep 08 18:19:25 BST 2025","passed","Mon Sep 08 18:19:26 BST 2025","","CREATE FOLLOW-ON WORK ORDERs (Add to backlog, FIFI, Assign to me): create a follow on wo","",""
"","556","When I switch to the web view context","","Fri Sep 05 17:54:22 BST 2025","passed","Fri Sep 05 17:54:23 BST 2025","","Create Follow-On Work Orders (Add to backlog, FIFI, Assign to me): create a follow on wo","",""
"","5130","Then I click on ""PAUSE WORK ORDER"" button","","Mon Sep 08 18:23:11 BST 2025","passed","Mon Sep 08 18:23:16 BST 2025","","CREATE FOLLOW-ON WORK ORDERs (Add to backlog, FIFI, Assign to me): create a follow on wo","",""
"","6116","Then I click on ""FAILURE CLASS"" option","","Wed Sep 10 18:52:55 BST 2025","passed","Wed Sep 10 18:53:01 BST 2025","","Complete a CM WO: Complete WO","",""
"","1","Then I click on ""Done"" button","","Wed Sep 03 16:18:54 BST 2025","skipped","Wed Sep 03 16:18:54 BST 2025","","Play and Pause the Work Order and add comments: Try to Connect to Environment with valid Environment Code","",""
"","5327","And I click on ""Sign In"" button","","Tue Sep 09 21:29:00 BST 2025","passed","Tue Sep 09 21:29:05 BST 2025","","Change Work Location: Try to Connect to Environment with valid Environment Code","",""
"","12262","When I click on ""PAUSE"" button","","Thu Sep 04 19:56:24 BST 2025","passed","Thu Sep 04 19:56:37 BST 2025","","Play and Pause the Work Order and add comments: Try to Connect to Environment with valid Environment Code","",""
"","2379","Then I click on ""Service Quality Fault Reported"" button","","Wed Sep 10 18:18:31 BST 2025","passed","Wed Sep 10 18:18:33 BST 2025","","Complete a CM Followon WO: Complete WO","",""
"","2096","Then I click on ""COMPLETE WORK ORDER"" button","","Wed Sep 10 19:57:09 BST 2025","passed","Wed Sep 10 19:57:11 BST 2025","","Complete a PM WO: Complete PM WO","",""
"","2214","And I enter password as ""cbruns""","","Mon Sep 08 18:06:41 BST 2025","passed","Mon Sep 08 18:06:43 BST 2025","","CREATE FOLLOW-ON WORK ORDERs (Add to backlog, FIFI, Assign to me): create a follow on wo","",""
"","69894","Then I click on ""FILTER OPTIONS"" button","","Thu Sep 04 19:35:16 BST 2025","broken","Thu Sep 04 19:36:26 BST 2025","","Play and Pause the Work Order and add comments: Try to Connect to Environment with valid Environment Code","",""
"","3109","And I click on ""Sign In"" button","","Mon Sep 08 18:06:43 BST 2025","passed","Mon Sep 08 18:06:46 BST 2025","","CREATE FOLLOW-ON WORK ORDERs (Add to backlog, FIFI, Assign to me): create a follow on wo","",""
"","22232","And I set ""comments"" value field to ""TEST""","","Wed Sep 10 20:28:59 BST 2025","passed","Wed Sep 10 20:29:22 BST 2025","","Processing assigned task: Processing Task","",""
"","2553","And I click on ""Sign In"" button","","Wed Sep 10 19:44:14 BST 2025","passed","Wed Sep 10 19:44:17 BST 2025","","Complete a PM WO: Complete PM WO","",""
"","1","Then The status of the work Order is in ""In Progress""","","Wed Sep 03 11:33:04 BST 2025","skipped","Wed Sep 03 11:33:04 BST 2025","","Return WO: Return WO","",""
"","2031","Then I click on ""COMPLETE WORK ORDER"" button","","Wed Sep 10 18:22:02 BST 2025","passed","Wed Sep 10 18:22:04 BST 2025","","Complete a CM Followon WO: Complete WO","",""
"","375","Then I take a screenshot","","Mon Sep 08 18:23:22 BST 2025","passed","Mon Sep 08 18:23:22 BST 2025","","CREATE FOLLOW-ON WORK ORDERs (Add to backlog, FIFI, Assign to me): create a follow on wo","",""
"","1701","Then I click on ""PAUSE"" button","","Wed Sep 10 20:29:29 BST 2025","passed","Wed Sep 10 20:29:31 BST 2025","","Processing assigned task: Processing Task","",""
"","1278","When I click at ""first"" WO","","Fri Sep 05 17:33:15 BST 2025","passed","Fri Sep 05 17:33:16 BST 2025","","Create Follow-On Work Orders (Add to backlog, FIFI, Assign to me): create a follow on wo","",""
"","1689","Then signIn option shows up","","Wed Sep 10 18:39:40 BST 2025","passed","Wed Sep 10 18:39:41 BST 2025","","Complete a CM WO: Complete WO","",""
"","1415","When I click at ""first"" WO","","Thu Sep 04 19:56:56 BST 2025","passed","Thu Sep 04 19:56:57 BST 2025","","Play and Pause the Work Order and add comments: Try to Connect to Environment with valid Environment Code","",""
"","706","When I set Region as ""Europe""","","Mon Sep 08 18:06:33 BST 2025","passed","Mon Sep 08 18:06:33 BST 2025","","CREATE FOLLOW-ON WORK ORDERs (Add to backlog, FIFI, Assign to me): create a follow on wo","",""
"","1827","Then I click on ""START ICON"" button","","Wed Sep 10 18:18:08 BST 2025","passed","Wed Sep 10 18:18:10 BST 2025","","Complete a CM Followon WO: Complete WO","",""
"","2682","When I set ""lucky-liger-8"" into Environment Code input field","","Thu Sep 04 19:40:45 BST 2025","passed","Thu Sep 04 19:40:47 BST 2025","","Play and Pause the Work Order and add comments: Try to Connect to Environment with valid Environment Code","",""
"","2372","Then I click on ""Service Quality Fault Rectified"" button","","Wed Sep 10 18:53:13 BST 2025","passed","Wed Sep 10 18:53:15 BST 2025","","Complete a CM WO: Complete WO","",""
"","751090","And I see allow button","","Fri Sep 05 17:54:40 BST 2025","passed","Fri Sep 05 18:07:11 BST 2025","","Create Follow-On Work Orders (Add to backlog, FIFI, Assign to me): create a follow on wo","",""
"","8255","Then I click on ""ASSIGN TO ME"" option","","Mon Sep 08 18:22:02 BST 2025","passed","Mon Sep 08 18:22:11 BST 2025","","CREATE FOLLOW-ON WORK ORDERs (Add to backlog, FIFI, Assign to me): create a follow on wo","",""
"","22283","And I set ""comments"" value field to ""TEST""","","Wed Sep 10 18:21:30 BST 2025","passed","Wed Sep 10 18:21:52 BST 2025","","Complete a CM Followon WO: Complete WO","",""
"","2601","Then I click on ""Service Quality Fault Rectified"" button","","Wed Sep 10 18:18:34 BST 2025","passed","Wed Sep 10 18:18:37 BST 2025","","Complete a CM Followon WO: Complete WO","",""
"","988","Then I click on ""PROBLEM CLASS"" option","","Wed Sep 10 18:03:46 BST 2025","passed","Wed Sep 10 18:03:47 BST 2025","","Add Failure Codes: Login and Logout","",""
"","865","Then I can connect to the Environment","","Wed Sep 10 20:15:03 BST 2025","passed","Wed Sep 10 20:15:04 BST 2025","","Processing assigned task: Processing Task","",""
"","1637","Then I click on ""START ICON"" button","","Wed Sep 10 19:57:01 BST 2025","passed","Wed Sep 10 19:57:02 BST 2025","","Complete a PM WO: Complete PM WO","",""
"","2787","Then I click on ""UPDATE"" button","","Wed Sep 10 18:18:45 BST 2025","passed","Wed Sep 10 18:18:48 BST 2025","","Complete a CM Followon WO: Complete WO","",""
"","0","Then I click at ""PROBLEM CLASS"" option","","Wed Sep 10 14:44:23 BST 2025","skipped","Wed Sep 10 14:44:23 BST 2025","","Add Failure Codes: Login and Logout","",""
"","10734","Then I click on ""PAUSE ICON"" button","","Mon Sep 08 18:22:55 BST 2025","passed","Mon Sep 08 18:23:06 BST 2025","","CREATE FOLLOW-ON WORK ORDERs (Add to backlog, FIFI, Assign to me): create a follow on wo","",""
"","257","Then ""10"" page appears","","Wed Sep 10 18:20:40 BST 2025","passed","Wed Sep 10 18:20:40 BST 2025","","Complete a CM Followon WO: Complete WO","",""
"","1829","Then I click on ""START WORK"" button","","Wed Sep 10 20:28:03 BST 2025","passed","Wed Sep 10 20:28:05 BST 2025","","Processing assigned task: Processing Task","",""
"","0","Then I click on ""NEXT"" button","","Fri Sep 05 18:07:47 BST 2025","skipped","Fri Sep 05 18:07:47 BST 2025","","Create Follow-On Work Orders (Add to backlog, FIFI, Assign to me): create a follow on wo","",""
"","0","Then I click on ""CREATE FOLLOW-ON"" button","","Fri Sep 05 18:07:47 BST 2025","skipped","Fri Sep 05 18:07:47 BST 2025","","Create Follow-On Work Orders (Add to backlog, FIFI, Assign to me): create a follow on wo","",""
"","727","Then I can connect to the Environment","","Wed Sep 10 19:44:08 BST 2025","passed","Wed Sep 10 19:44:08 BST 2025","","Complete a PM WO: Complete PM WO","",""
"","1838","When I click on ""Complete"" button","","Wed Sep 10 19:57:07 BST 2025","passed","Wed Sep 10 19:57:09 BST 2025","","Complete a PM WO: Complete PM WO","",""
"","1627","When I click at ""second"" WO","","Thu Sep 04 19:55:53 BST 2025","passed","Thu Sep 04 19:55:55 BST 2025","","Play and Pause the Work Order and add comments: Try to Connect to Environment with valid Environment Code","",""
"","1302","Then The status of the work Order is in ""In Progress""","","Wed Sep 10 19:57:04 BST 2025","passed","Wed Sep 10 19:57:05 BST 2025","","Complete a PM WO: Complete PM WO","",""
"","5","And I select the location result with name ""RS""","","Tue Sep 09 12:58:58 BST 2025","skipped","Tue Sep 09 12:58:58 BST 2025","","Change Work Location: Try to Connect to Environment with valid Environment Code","",""
"","2713","When I set ""lucky-liger-8"" into Environment Code input field","","Fri Sep 05 17:54:17 BST 2025","passed","Fri Sep 05 17:54:20 BST 2025","","Create Follow-On Work Orders (Add to backlog, FIFI, Assign to me): create a follow on wo","",""
"","2709","Then I click on ""UPDATE"" button","","Wed Sep 10 18:53:23 BST 2025","passed","Wed Sep 10 18:53:26 BST 2025","","Complete a CM WO: Complete WO","",""
"","2465","When I click on ""Reject"" button","","Fri Sep 05 18:07:11 BST 2025","passed","Fri Sep 05 18:07:14 BST 2025","","Create Follow-On Work Orders (Add to backlog, FIFI, Assign to me): create a follow on wo","",""
"","0","When I click at ""ADD TO BACKLOG OPTIONS"" option","","Fri Sep 05 16:32:29 BST 2025","skipped","Fri Sep 05 16:32:29 BST 2025","","Create Follow-On Work Orders (Add to backlog, FIFI, Assign to me): create a follow on wo","",""
"","2651","Then I click on ""SEATING"" option","","Mon Sep 08 18:22:33 BST 2025","passed","Mon Sep 08 18:22:35 BST 2025","","CREATE FOLLOW-ON WORK ORDERs (Add to backlog, FIFI, Assign to me): create a follow on wo","",""
"","211","Then I take a screenshot","","Wed Sep 10 20:29:43 BST 2025","passed","Wed Sep 10 20:29:44 BST 2025","","Processing assigned task: Processing Task","",""
"","1028","Then I click on ""REMEDY CLASS"" option","","Wed Sep 10 18:53:12 BST 2025","passed","Wed Sep 10 18:53:13 BST 2025","","Complete a CM WO: Complete WO","",""
"","4797","Then I click on ""START ICON"" button","","Mon Sep 08 18:19:28 BST 2025","passed","Mon Sep 08 18:19:33 BST 2025","","CREATE FOLLOW-ON WORK ORDERs (Add to backlog, FIFI, Assign to me): create a follow on wo","",""
"","2648","Then I click on ""BURNT"" option","","Mon Sep 08 18:21:29 BST 2025","passed","Mon Sep 08 18:21:32 BST 2025","","CREATE FOLLOW-ON WORK ORDERs (Add to backlog, FIFI, Assign to me): create a follow on wo","",""
"","0","When I click on ""ADD TO BACKLOG OPTIONS"" option","","Fri Sep 05 18:07:47 BST 2025","skipped","Fri Sep 05 18:07:47 BST 2025","","Create Follow-On Work Orders (Add to backlog, FIFI, Assign to me): create a follow on wo","",""
"","2523","And I click on ""Sign In"" button","","Wed Sep 10 20:15:11 BST 2025","passed","Wed Sep 10 20:15:14 BST 2025","","Processing assigned task: Processing Task","",""
"","971","Then I navigate to ""back""","","Wed Sep 10 18:54:52 BST 2025","passed","Wed Sep 10 18:54:53 BST 2025","","Complete a CM WO: Complete WO","",""
"","0","Then I click on ""SECOND RECORD"" option","","Fri Sep 05 19:11:41 BST 2025","skipped","Fri Sep 05 19:11:41 BST 2025","","CREATE FOLLOW-ON WORK ORDERs (Add to backlog, FIFI, Assign to me): create a follow on wo","",""
"","5494","Then I click on ""CREATE FOLLOW-ON"" button","","Mon Sep 08 18:22:50 BST 2025","passed","Mon Sep 08 18:22:55 BST 2025","","CREATE FOLLOW-ON WORK ORDERs (Add to backlog, FIFI, Assign to me): create a follow on wo","",""
"","3357","Then I click on ""PAUSE ICON"" button","","Wed Sep 10 16:51:41 BST 2025","passed","Wed Sep 10 16:51:44 BST 2025","","Add Failure Codes: Login and Logout","",""
"","210","Then I take a screenshot","","Wed Sep 10 18:22:04 BST 2025","passed","Wed Sep 10 18:22:04 BST 2025","","Complete a CM Followon WO: Complete WO","",""
"","1","hook:","","Wed Sep 10 18:22:05 BST 2025","failed","Wed Sep 10 18:22:06 BST 2025","","","",""
"","1","hook:","","Mon Sep 08 18:23:25 BST 2025","failed","Mon Sep 08 18:23:25 BST 2025","","","",""
"","2499","When I set ""lucky-liger-8"" into Environment Code input field","","Tue Sep 09 21:28:46 BST 2025","passed","Tue Sep 09 21:28:49 BST 2025","","Change Work Location: Try to Connect to Environment with valid Environment Code","",""
"","9211","Then The status of the work Order is in ""In Progress""","","Tue Sep 09 21:44:12 BST 2025","passed","Tue Sep 09 21:44:21 BST 2025","","Change Work Location: Try to Connect to Environment with valid Environment Code","",""
"","625","When I set Region select field","","Fri Sep 05 17:54:16 BST 2025","passed","Fri Sep 05 17:54:16 BST 2025","","Create Follow-On Work Orders (Add to backlog, FIFI, Assign to me): create a follow on wo","",""
"","620","Then The Worklist page is open","","Wed Sep 10 18:52:46 BST 2025","passed","Wed Sep 10 18:52:47 BST 2025","","Complete a CM WO: Complete WO","",""
"","1856","Then I click on ""START WORK"" button","","Wed Sep 10 18:03:31 BST 2025","passed","Wed Sep 10 18:03:33 BST 2025","","Add Failure Codes: Login and Logout","",""
"","8829","Then I click on ""FOUND IT, FIXED IT"" option","","Mon Sep 08 18:20:52 BST 2025","passed","Mon Sep 08 18:21:01 BST 2025","","CREATE FOLLOW-ON WORK ORDERs (Add to backlog, FIFI, Assign to me): create a follow on wo","",""
"","13210","Then I click on ""MORE ACTION ICON"" button","","Thu Sep 04 19:57:27 BST 2025","passed","Thu Sep 04 19:57:40 BST 2025","","Play and Pause the Work Order and add comments: Try to Connect to Environment with valid Environment Code","",""
